Id,median_house_value
0,428771.8125
1,202305.53125
2,270311.09375
3,290658.9375
4,78532.671875
5,56448.06640625
6,67385.03125
7,167861.546875
8,202016.84375
9,167494.9375
10,107287.9609375
11,57043.35546875
12,265823.46875
13,184779.671875
14,244502.28125
15,163180.46875
16,132003.875
17,128258.4296875
18,332718.4375
19,335439.84375
20,156440.90625
21,92697.4296875
22,228342.484375
23,139317.203125
24,178958.8125
25,426483.5625
26,290612.0625
27,439558.28125
28,314053.0
29,378810.40625
30,98983.2109375
31,154195.125
32,129423.4921875
33,155094.4375
34,199513.921875
35,168729.6875
36,267623.9375
37,196163.8125
38,150465.671875
39,241284.0
40,81982.6796875
41,272940.84375
42,522033.375
43,65678.265625
44,227814.734375
45,227503.75
46,231189.359375
47,108984.3203125
48,138688.90625
49,204631.0625
50,155766.421875
51,76959.2421875
52,172500.609375
53,220117.015625
54,190308.96875
55,186250.203125
56,106284.1328125
57,219791.25
58,239763.421875
59,193892.890625
60,338657.5
61,264084.21875
62,255101.65625
63,75995.546875
64,296606.90625
65,275818.8125
66,145672.375
67,284895.0625
68,107808.40625
69,177198.5625
70,328245.90625
71,140243.890625
72,231635.421875
73,334819.34375
74,108798.4609375
75,116761.15625
76,189321.984375
77,209181.40625
78,337347.375
79,408489.6875
80,126924.890625
81,159039.21875
82,155780.375
83,124305.40625
84,265857.3125
85,125674.140625
86,95325.1640625
87,169178.515625
88,82756.6640625
89,252994.203125
90,229187.375
91,202382.6875
92,199478.3125
93,215229.171875
94,368648.59375
95,59697.2578125
96,72063.3203125
97,123564.4140625
98,233253.828125
99,163732.359375
100,110284.75
101,154038.265625
102,253822.625
103,356238.125
104,106215.71875
105,59123.52734375
106,179139.53125
107,261298.78125
108,238857.25
109,354730.4375
110,248564.265625
111,88065.8203125
112,370946.71875
113,237235.40625
114,134595.90625
115,302388.5625
116,240789.046875
117,513064.6875
118,469674.5
119,288819.375
120,267081.875
121,117863.3359375
122,133260.84375
123,251144.859375
124,447717.75
125,147672.984375
126,107838.8046875
127,301217.46875
128,440953.5625
129,241275.234375
130,200130.78125
131,216609.546875
132,254316.203125
133,101998.953125
134,46264.0078125
135,521952.03125
136,89329.3984375
137,146555.5625
138,210493.4375
139,429901.15625
140,105816.7265625
141,162173.140625
142,176683.328125
143,84788.8671875
144,120334.9609375
145,128939.0234375
146,227492.8125
147,54652.3203125
148,170803.625
149,66011.203125
150,119764.4375
151,357159.3125
152,320746.5
153,169921.671875
154,199534.1875
155,173473.078125
156,106309.65625
157,293063.8125
158,78942.78125
159,355215.5625
160,160170.125
161,514192.53125
162,156734.546875
163,58315.9765625
164,137147.03125
165,166005.65625
166,332823.46875
167,98746.953125
168,89279.0234375
169,124300.3359375
170,103788.5703125
171,190313.125
172,115143.5234375
173,74085.359375
174,66343.5234375
175,195585.0625
176,143260.375
177,286660.25
178,99997.65625
179,230132.90625
180,182991.453125
181,169514.375
182,394298.71875
183,220540.875
184,105396.5859375
185,211176.703125
186,346223.0625
187,149191.625
188,155469.53125
189,214359.125
190,171461.21875
191,202782.890625
192,117518.828125
193,231553.8125
194,161427.609375
195,123554.9921875
196,129155.34375
197,197068.421875
198,105285.5703125
199,129657.34375
200,61559.13671875
201,118894.359375
202,143290.5625
203,233895.515625
204,207845.125
205,154151.546875
206,117972.390625
207,163178.75
208,180290.484375
209,85716.71875
210,171504.546875
211,289042.78125
212,279710.875
213,54760.63671875
214,129600.2578125
215,372528.03125
216,250300.453125
217,86667.3046875
218,137884.25
219,377457.65625
220,129615.5703125
221,100941.1328125
222,131924.640625
223,350279.3125
224,89169.8828125
225,213714.25
226,158607.375
227,205715.328125
228,149270.875
229,277488.96875
230,175617.734375
231,180728.640625
232,389293.125
233,144195.671875
234,302503.15625
235,73838.6015625
236,340611.09375
237,275836.53125
238,220283.890625
239,168440.34375
240,125680.390625
241,283296.25
242,101394.3671875
243,72585.421875
244,106739.890625
245,210057.6875
246,245897.828125
247,113001.203125
248,336485.21875
249,158010.390625
250,321674.53125
251,182233.765625
252,183427.625
253,82655.0390625
254,145286.375
255,346514.3125
256,147315.34375
257,336963.75
258,89730.0859375
259,279123.15625
260,128031.765625
261,181156.09375
262,195167.5625
263,407167.8125
264,120050.578125
265,103051.953125
266,95640.421875
267,88779.9375
268,137492.921875
269,104393.7109375
270,145128.953125
271,268187.71875
272,105395.078125
273,249468.21875
274,130784.1796875
275,171937.875
276,169275.734375
277,199963.65625
278,147427.96875
279,186275.25
280,436950.53125
281,206812.578125
282,263121.78125
283,361197.46875
284,91467.4375
285,149143.75
286,198694.640625
287,203300.5
288,185860.4375
289,109417.265625
290,392556.75
291,201891.578125
292,127113.9140625
293,175053.734375
294,107583.3125
295,272115.53125
296,307897.5
297,165448.265625
298,247717.703125
299,170493.9375
300,189727.59375
301,106227.75
302,108992.859375
303,163560.5625
304,78955.3046875
305,163003.03125
306,233070.84375
307,219944.21875
308,493586.21875
309,258443.03125
310,156191.8125
311,228170.609375
312,134981.46875
313,179061.6875
314,171195.78125
315,305539.75
316,89382.984375
317,310404.09375
318,169113.671875
319,233658.921875
320,423148.875
321,252508.09375
322,330925.0625
323,356608.65625
324,311681.3125
325,126653.765625
326,351260.59375
327,189109.359375
328,281648.5
329,174889.703125
330,132252.640625
331,54695.65625
332,318832.71875
333,117281.2578125
334,178722.390625
335,62469.81640625
336,164532.859375
337,340973.375
338,202686.1875
339,143541.265625
340,130330.234375
341,140270.359375
342,147736.15625
343,118318.140625
344,289992.59375
345,136973.046875
346,161835.515625
347,102259.3203125
348,237794.71875
349,248186.390625
350,279578.03125
351,298268.0625
352,195911.609375
353,109531.515625
354,263095.3125
355,493708.8125
356,92014.046875
357,244765.4375
358,115272.125
359,231538.765625
360,167199.609375
361,474036.59375
362,169991.859375
363,188745.671875
364,267374.125
365,156044.90625
366,92259.125
367,347372.15625
368,99161.375
369,109117.546875
370,48132.203125
371,206728.71875
372,236441.171875
373,293970.5625
374,385490.375
375,116869.34375
376,134838.796875
377,259743.625
378,151040.765625
379,171285.40625
380,125097.34375
381,403432.5625
382,456794.53125
383,173362.953125
384,278484.53125
385,208471.75
386,246050.578125
387,83105.6875
388,134678.59375
389,475039.59375
390,107045.734375
391,185748.3125
392,321684.5625
393,170862.84375
394,232586.3125
395,137808.59375
396,368709.125
397,419380.59375
398,82686.890625
399,415003.9375
400,212145.0625
401,351495.15625
402,183469.96875
403,94764.578125
404,265091.59375
405,201507.40625
406,348480.96875
407,75279.3125
408,113000.6015625
409,241968.546875
410,121158.5
411,320493.625
412,181480.03125
413,193658.90625
414,179147.578125
415,227306.046875
416,141882.625
417,198555.015625
418,176866.21875
419,156832.609375
420,156198.546875
421,123450.2890625
422,217359.5
423,224852.703125
424,124283.921875
425,205576.125
426,194586.671875
427,367380.125
428,221580.5625
429,166810.625
430,142289.5
431,71321.4140625
432,144311.375
433,179122.9375
434,203818.3125
435,146114.078125
436,168172.390625
437,89393.6953125
438,100054.375
439,246575.8125
440,293651.9375
441,264164.1875
442,251818.3125
443,101875.5625
444,190908.25
445,360297.625
446,140588.140625
447,254447.6875
448,173866.0
449,321105.75
450,427559.125
451,311889.21875
452,131957.578125
453,286343.5
454,336593.53125
455,127778.1796875
456,127488.78125
457,290631.8125
458,89745.328125
459,255675.0625
460,173956.84375
461,332590.03125
462,390490.4375
463,146376.203125
464,79489.5859375
465,296083.71875
466,249605.59375
467,56363.546875
468,222947.46875
469,125672.8203125
470,152309.796875
471,274822.75
472,50748.17578125
473,144938.40625
474,500175.6875
475,131914.859375
476,215078.125
477,171888.765625
478,182764.4375
479,51587.828125
480,143550.78125
481,499784.3125
482,79406.1015625
483,70885.1875
484,239801.75
485,307263.15625
486,255004.078125
487,213195.015625
488,90310.0703125
489,219676.34375
490,189390.109375
491,159464.640625
492,371663.6875
493,231485.578125
494,103285.953125
495,245870.6875
496,160251.796875
497,116884.84375
498,390935.96875
499,195514.484375
500,415462.9375
501,72281.8671875
502,496797.3125
503,140688.328125
504,114616.4453125
505,157514.75
506,510408.84375
507,64615.47265625
508,104816.875
509,383551.8125
510,206489.5625
511,167140.25
512,210483.625
513,167151.203125
514,394195.0
515,193645.78125
516,118498.796875
517,224303.84375
518,97580.125
519,80408.5234375
520,172825.34375
521,101213.3515625
522,113723.3515625
523,310863.875
524,189928.59375
525,114337.5078125
526,404689.84375
527,281963.65625
528,166867.625
529,111490.53125
530,120900.9609375
531,486413.65625
532,258767.109375
533,93418.6875
534,94334.421875
535,168120.578125
536,93971.265625
537,232165.109375
538,283210.6875
539,338386.625
540,197719.59375
541,350615.625
542,212229.921875
543,136401.5
544,76341.1484375
545,373355.78125
546,83911.5
547,159467.734375
548,163613.875
549,212206.46875
550,288463.9375
551,265885.90625
552,219220.359375
553,394573.8125
554,279418.5625
555,490847.21875
556,95262.3515625
557,119303.8046875
558,46900.3984375
559,201602.65625
560,252387.359375
561,98909.3203125
562,275101.71875
563,81220.59375
564,385859.59375
565,135395.46875
566,171500.59375
567,213160.265625
568,300751.375
569,180552.765625
570,221915.671875
571,338723.625
572,77031.953125
573,125070.609375
574,166919.796875
575,128206.8046875
576,179094.5625
577,223489.765625
578,221415.421875
579,82629.484375
580,205654.9375
581,526272.875
582,178545.03125
583,217669.03125
584,343413.46875
585,100539.6875
586,222415.71875
587,69296.1875
588,137717.0
589,338787.46875
590,214582.671875
591,159086.703125
592,408448.9375
593,212890.6875
594,146364.234375
595,69045.46875
596,101833.25
597,302279.90625
598,135787.953125
599,135467.9375
600,54192.85546875
601,186197.171875
602,86730.9296875
603,459022.84375
604,184687.953125
605,233974.71875
606,114350.1796875
607,72507.828125
608,86272.7265625
609,152093.46875
610,129238.0078125
611,181912.375
612,93608.0625
613,51466.234375
614,147998.171875
615,82220.8515625
616,144023.109375
617,175737.96875
618,126867.6640625
619,241394.1875
620,136072.46875
621,300795.96875
622,232328.453125
623,280464.53125
624,373617.25
625,310028.5
626,328156.71875
627,125765.5625
628,128041.984375
629,80572.609375
630,173277.953125
631,137133.265625
632,206422.5625
633,317071.3125
634,207828.875
635,479267.71875
636,327002.625
637,179300.0625
638,389267.875
639,278503.625
640,177966.359375
641,105014.65625
642,229461.125
643,258380.5625
644,73597.5859375
645,364734.90625
646,243597.34375
647,139163.515625
648,68767.890625
649,137290.96875
650,275373.46875
651,83254.46875
652,103354.4140625
653,158177.53125
654,156249.40625
655,91958.1171875
656,191100.796875
657,229806.515625
658,191985.421875
659,138557.0625
660,165785.328125
661,196801.34375
662,277734.75
663,140773.09375
664,79971.7578125
665,190155.109375
666,320513.5625
667,304776.90625
668,336085.125
669,360469.71875
670,137682.765625
671,122663.5546875
672,167117.953125
673,301188.0
674,361470.375
675,258826.578125
676,242811.96875
677,352003.03125
678,262362.71875
679,123189.515625
680,300210.59375
681,170175.890625
682,159161.09375
683,118408.390625
684,120607.2890625
685,272894.53125
686,455964.75
687,87461.828125
688,168741.53125
689,136774.875
690,143587.359375
691,232199.25
692,399172.59375
693,89851.3046875
694,279959.4375
695,434554.71875
696,253907.875
697,191888.0
698,140065.078125
699,369554.59375
700,283778.625
701,174579.796875
702,393915.46875
703,309920.0
704,191824.421875
705,137162.625
706,134663.46875
707,221544.5
708,180357.234375
709,233142.078125
710,505606.0
711,84608.9296875
712,417651.53125
713,167515.65625
714,255050.890625
715,111132.2890625
716,140693.140625
717,180644.0
718,91721.5703125
719,331964.40625
720,185952.8125
721,106848.90625
722,123419.5859375
723,245154.25
724,206718.53125
725,216090.09375
726,218150.75
727,100350.703125
728,115548.7421875
729,57522.9375
730,103679.40625
731,324181.28125
732,86065.6796875
733,210672.59375
734,59930.3125
735,170265.265625
736,297653.0
737,132439.375
738,212881.296875
739,115172.5078125
740,131305.875
741,253477.328125
742,201226.65625
743,349162.84375
744,212859.1875
745,199574.578125
746,179853.6875
747,499690.125
748,443766.1875
749,197647.125
750,203907.03125
751,109288.3671875
752,113038.8359375
753,208711.28125
754,153984.359375
755,191645.453125
756,74575.203125
757,223625.53125
758,166603.46875
759,116918.3359375
760,139827.5
761,112110.6171875
762,262416.4375
763,270046.0625
764,116375.71875
765,140463.09375
766,276889.9375
767,66844.15625
768,225561.25
769,55593.8515625
770,78048.671875
771,224520.09375
772,147805.75
773,62239.79296875
774,196754.640625
775,90614.578125
776,150534.390625
777,254776.078125
778,274448.28125
779,79233.9453125
780,204508.265625
781,504550.8125
782,113819.140625
783,159282.1875
784,250179.953125
785,76080.9765625
786,414647.65625
787,197760.546875
788,182333.796875
789,153116.671875
790,105150.96875
791,260763.90625
792,310973.125
793,160970.546875
794,99845.5625
795,284693.78125
796,214779.84375
797,236766.46875
798,226854.609375
799,444366.6875
800,64141.16015625
801,107729.8046875
802,133042.921875
803,226470.859375
804,74938.203125
805,170583.375
806,254700.078125
807,272945.4375
808,380329.65625
809,232777.25
810,148316.953125
811,249279.84375
812,53030.5234375
813,106041.6484375
814,198357.71875
815,258294.265625
816,58139.3359375
817,418024.9375
818,150048.421875
819,346984.75
820,177720.203125
821,319830.90625
822,302404.96875
823,202020.546875
824,279803.09375
825,152580.734375
826,213363.703125
827,235045.25
828,163485.84375
829,175915.1875
830,137329.75
831,219335.984375
832,106743.359375
833,86535.0234375
834,105746.1171875
835,347937.65625
836,74913.5078125
837,148489.828125
838,128224.6015625
839,210983.296875
840,138947.109375
841,195250.515625
842,143629.328125
843,175448.984375
844,417894.75
845,58446.9765625
846,206412.125
847,101649.7421875
848,174136.46875
849,123085.9765625
850,257808.640625
851,340402.75
852,318303.59375
853,396454.125
854,249829.796875
855,180964.703125
856,223456.0
857,178518.296875
858,225279.296875
859,210031.484375
860,372774.46875
861,94366.1015625
862,79090.8984375
863,447661.28125
864,121512.2109375
865,190035.875
866,386316.4375
867,126968.1640625
868,105313.1640625
869,105064.5546875
870,328493.84375
871,302392.34375
872,191389.453125
873,444445.875
874,261573.875
875,255357.84375
876,123371.078125
877,283639.65625
878,299634.6875
879,456589.0
880,214573.953125
881,142091.609375
882,145976.375
883,108041.2109375
884,91871.6328125
885,242758.40625
886,91346.5234375
887,179584.71875
888,144957.390625
889,333924.9375
890,371127.46875
891,148605.671875
892,123902.28125
893,113398.1328125
894,377426.4375
895,388671.9375
896,229212.515625
897,199080.21875
898,112351.0625
899,380291.59375
900,330528.0
901,236093.515625
902,134059.328125
903,66309.765625
904,110112.953125
905,185913.53125
906,237349.125
907,400872.46875
908,224632.578125
909,44629.625
910,81904.6640625
911,64407.46484375
912,360366.59375
913,144448.078125
914,176379.0625
915,225080.109375
916,145954.875
917,199119.34375
918,204707.59375
919,267313.59375
920,261763.0
921,124964.4609375
922,106156.0234375
923,142125.21875
924,201157.0625
925,71624.203125
926,199863.171875
927,173343.0
928,163380.234375
929,231651.6875
930,51116.1015625
931,158739.0625
932,249488.140625
933,227409.96875
934,78784.8984375
935,325773.4375
936,349783.1875
937,91668.2265625
938,177400.9375
939,458141.28125
940,170508.5625
941,406845.21875
942,126611.7890625
943,115049.8671875
944,196081.75
945,68297.671875
946,282679.375
947,126680.8984375
948,162818.6875
949,120579.9296875
950,186054.0625
951,255657.40625
952,124826.890625
953,120011.2109375
954,193221.1875
955,118656.546875
956,330393.875
957,57042.36328125
958,167765.71875
959,214972.546875
960,121485.328125
961,110483.9296875
962,186710.75
963,201512.671875
964,126443.125
965,138391.5625
966,220646.0625
967,70928.7578125
968,157045.640625
969,312722.28125
970,169132.375
971,102139.7578125
972,94952.171875
973,169140.484375
974,210240.90625
975,195124.1875
976,164649.5
977,142501.4375
978,157882.5625
979,230502.21875
980,116654.2890625
981,161006.578125
982,212328.40625
983,196877.703125
984,331389.9375
985,290594.0625
986,274778.9375
987,188250.53125
988,165891.625
989,117475.6015625
990,208587.109375
991,152535.625
992,180073.15625
993,179165.4375
994,243229.96875
995,114773.1484375
996,249723.296875
997,457786.03125
998,326517.0
999,298033.59375
1000,449632.78125
1001,137847.203125
1002,73514.0078125
1003,132776.515625
1004,222924.65625
1005,372993.9375
1006,93881.796875
1007,50926.671875
1008,294685.375
1009,252739.234375
1010,298029.9375
1011,73359.578125
1012,341867.875
1013,300240.28125
1014,313264.75
1015,147990.453125
1016,241047.609375
1017,284461.90625
1018,142632.625
1019,95937.546875
1020,181351.296875
1021,142353.0
1022,224200.953125
1023,201908.03125
1024,334243.15625
1025,98188.9375
1026,147654.28125
1027,101626.6953125
1028,130913.171875
1029,135425.328125
1030,108576.5703125
1031,91122.703125
1032,81802.4921875
1033,279910.53125
1034,135198.015625
1035,267049.0625
1036,160523.296875
1037,106540.109375
1038,303649.1875
1039,60179.52734375
1040,174839.890625
1041,262811.28125
1042,107010.6640625
1043,218999.03125
1044,235816.46875
1045,145706.546875
1046,283647.1875
1047,250092.625
1048,107488.8828125
1049,252340.546875
1050,403920.375
1051,55956.88671875
1052,421321.78125
1053,92839.984375
1054,79755.3671875
1055,363904.96875
1056,374839.125
1057,78150.1796875
1058,231298.953125
1059,94813.609375
1060,316485.28125
1061,261013.875
1062,138785.78125
1063,322326.21875
1064,138550.671875
1065,104767.4609375
1066,73308.03125
1067,158295.609375
1068,115120.671875
1069,77785.6328125
1070,331201.53125
1071,294989.375
1072,159224.28125
1073,86213.5390625
1074,134489.09375
1075,166588.1875
1076,119257.203125
1077,133202.078125
1078,110946.3828125
1079,218319.53125
1080,500631.3125
1081,178594.90625
1082,176206.984375
1083,484713.03125
1084,208626.0625
1085,131063.0
1086,244706.828125
1087,211451.59375
1088,102495.2109375
1089,207582.984375
1090,381437.375
1091,150588.875
1092,144471.25
1093,143897.75
1094,132672.453125
1095,356945.65625
1096,53955.21875
1097,150483.25
1098,391693.03125
1099,97274.3125
1100,192391.015625
1101,182191.234375
1102,226918.09375
1103,134204.546875
1104,179450.21875
1105,182784.921875
1106,338333.03125
1107,353585.6875
1108,213764.0625
1109,319694.4375
1110,226998.015625
1111,124588.9140625
1112,179667.578125
1113,243223.5
1114,440634.84375
1115,187819.5625
1116,198903.515625
1117,175106.03125
1118,90432.8359375
1119,285546.40625
1120,187335.953125
1121,405330.5625
1122,347842.90625
1123,218583.21875
1124,164067.65625
1125,169333.421875
1126,161798.890625
1127,192664.375
1128,174707.6875
1129,287342.65625
1130,245140.578125
1131,127710.6875
1132,87552.4921875
1133,459827.875
1134,207886.515625
1135,177165.828125
1136,403015.15625
1137,170915.40625
1138,139865.296875
1139,112028.6328125
1140,226469.875
1141,151435.203125
1142,299035.21875
1143,253353.21875
1144,251829.625
1145,58210.453125
1146,216132.03125
1147,101822.75
1148,222324.078125
1149,220326.5
1150,285023.40625
1151,100186.3984375
1152,111619.6328125
1153,167738.125
1154,249354.234375
1155,139500.46875
1156,57150.9453125
1157,156520.671875
1158,328563.84375
1159,455049.78125
1160,203615.515625
1161,133078.125
1162,317758.4375
1163,72617.6328125
1164,141023.96875
1165,127009.3046875
1166,280221.0
1167,214981.859375
1168,69126.71875
1169,84421.2734375
1170,347496.78125
1171,98494.1953125
1172,180085.578125
1173,156489.109375
1174,290802.96875
1175,307574.625
1176,77821.3125
1177,202678.4375
1178,216391.546875
1179,431015.71875
1180,111715.5
1181,134390.59375
1182,246280.609375
1183,291593.78125
1184,214110.015625
1185,214843.296875
1186,495090.21875
1187,333520.03125
1188,104609.9375
1189,190681.65625
1190,135855.390625
1191,238495.671875
1192,521012.84375
1193,314606.4375
1194,107552.4453125
1195,192483.953125
1196,147913.5625
1197,260651.296875
1198,69125.4140625
1199,261076.84375
1200,269493.625
1201,90278.09375
1202,153774.890625
1203,137314.40625
1204,234969.796875
1205,224160.703125
1206,132542.15625
1207,413927.84375
1208,155478.828125
1209,389143.28125
1210,369981.4375
1211,119412.203125
1212,91752.5546875
1213,120589.6953125
1214,101639.3203125
1215,129562.515625
1216,239556.734375
1217,166568.28125
1218,193410.0625
1219,358592.90625
1220,249934.375
1221,326797.03125
1222,471815.8125
1223,136872.65625
1224,119739.4609375
1225,267680.125
1226,64662.21875
1227,107833.84375
1228,245426.984375
1229,260956.765625
1230,98672.7734375
1231,328451.71875
1232,147830.109375
1233,233538.75
1234,203702.625
1235,328347.90625
1236,183155.625
1237,344623.625
1238,158775.625
1239,110511.484375
1240,77533.3125
1241,117225.921875
1242,155173.25
1243,247471.0625
1244,315951.75
1245,391048.21875
1246,198652.515625
1247,170294.046875
1248,393737.46875
1249,237773.578125
1250,157368.921875
1251,123049.4609375
1252,227747.375
1253,302143.78125
1254,185511.6875
1255,110503.8359375
1256,124175.0234375
1257,365648.625
1258,122062.8359375
1259,155570.671875
1260,280806.8125
1261,105289.390625
1262,250255.96875
1263,480131.0625
1264,242110.71875
1265,140768.65625
1266,279151.125
1267,196867.0625
1268,188588.96875
1269,143591.859375
1270,133648.171875
1271,144845.609375
1272,223324.40625
1273,158343.796875
1274,270804.90625
1275,200650.203125
1276,252640.109375
1277,251653.015625
1278,283704.90625
1279,138255.15625
1280,321047.9375
1281,213578.90625
1282,132175.640625
1283,251282.484375
1284,124420.28125
1285,331349.125
1286,182468.65625
1287,86534.796875
1288,236134.703125
1289,282746.9375
1290,263890.90625
1291,95605.5
1292,116333.171875
1293,209365.359375
1294,144935.78125
1295,152637.5
1296,134520.9375
1297,82564.890625
1298,238920.6875
1299,225102.3125
1300,72424.9453125
1301,237751.3125
1302,219508.015625
1303,199157.328125
1304,103552.8515625
1305,71726.1796875
1306,261405.609375
1307,64922.18359375
1308,241303.484375
1309,131155.765625
1310,101623.09375
1311,300031.5
1312,183940.75
1313,113591.3984375
1314,292091.03125
1315,258146.96875
1316,182915.515625
1317,458264.40625
1318,86912.0625
1319,197699.421875
1320,188578.328125
1321,330853.03125
1322,494959.71875
1323,165865.625
1324,220866.84375
1325,422046.78125
1326,169244.3125
1327,293520.53125
1328,114733.5859375
1329,496787.65625
1330,222702.53125
1331,315305.53125
1332,231349.5625
1333,162805.046875
1334,261429.546875
1335,194238.40625
1336,238978.390625
1337,69233.0703125
1338,114172.1875
1339,300163.21875
1340,242688.796875
1341,381841.5
1342,192818.78125
1343,238326.484375
1344,205188.578125
1345,203988.5625
1346,528014.375
1347,166565.5625
1348,101030.3828125
1349,220007.5625
1350,48224.01171875
1351,186102.3125
1352,293427.03125
1353,193979.34375
1354,171849.53125
1355,129214.0546875
1356,179173.84375
1357,136297.75
1358,107149.7421875
1359,353368.09375
1360,157018.84375
1361,220948.140625
1362,263909.0625
1363,172307.625
1364,97061.5859375
1365,121378.6875
1366,119157.921875
1367,478292.03125
1368,105933.5078125
1369,200153.1875
1370,231438.625
1371,267904.84375
1372,261011.53125
1373,261085.921875
1374,162933.4375
1375,237400.953125
1376,255638.28125
1377,169478.234375
1378,255331.265625
1379,316286.46875
1380,226023.6875
1381,156385.125
1382,224591.796875
1383,447515.0
1384,165373.421875
1385,237511.09375
1386,138068.921875
1387,461100.28125
1388,281081.125
1389,196236.78125
1390,169178.0
1391,182471.375
1392,189022.140625
1393,242396.1875
1394,104378.671875
1395,271077.4375
1396,312610.03125
1397,131022.8828125
1398,194774.09375
1399,220541.21875
1400,437984.9375
1401,208376.625
1402,100358.9375
1403,104370.0
1404,202525.046875
1405,149741.296875
1406,189772.78125
1407,112939.34375
1408,39647.23828125
1409,190795.171875
1410,156775.078125
1411,148674.53125
1412,225285.59375
1413,115199.7109375
1414,138359.96875
1415,169456.34375
1416,269564.25
1417,136010.15625
1418,362864.625
1419,267159.09375
1420,215689.03125
1421,129343.875
1422,107295.515625
1423,470402.0625
1424,148813.109375
1425,291949.09375
1426,384614.71875
1427,80842.4296875
1428,178111.125
1429,140929.375
1430,82486.2109375
1431,246520.1875
1432,183822.546875
1433,307737.0625
1434,167215.546875
1435,148049.609375
1436,222734.46875
1437,248398.671875
1438,154138.515625
1439,86058.0625
1440,73411.9765625
1441,116975.046875
1442,168162.046875
1443,217325.625
1444,102396.8359375
1445,71686.4765625
1446,185811.671875
1447,161585.71875
1448,132740.375
1449,491107.75
1450,139521.53125
1451,163687.640625
1452,94609.875
1453,101167.25
1454,163502.828125
1455,65414.05078125
1456,112145.953125
1457,219374.875
1458,124945.8984375
1459,385746.1875
1460,140396.625
1461,257063.25
1462,330253.46875
1463,76104.171875
1464,193066.953125
1465,168908.21875
1466,269641.15625
1467,247039.203125
1468,228874.875
1469,207439.953125
1470,140612.375
1471,171849.46875
1472,210201.671875
1473,485775.75
1474,95123.546875
1475,514098.21875
1476,96481.8359375
1477,102928.203125
1478,413064.34375
1479,190167.171875
1480,190773.765625
1481,154456.625
1482,235587.390625
1483,273518.5625
1484,219112.984375
1485,128244.21875
1486,154492.0625
1487,222554.15625
1488,273053.4375
1489,159158.84375
1490,65410.875
1491,103015.1640625
1492,420940.8125
1493,103202.1875
1494,140022.953125
1495,253191.921875
1496,133517.5625
1497,324401.96875
1498,63349.91015625
1499,145673.234375
1500,67998.078125
1501,245703.453125
1502,139055.15625
1503,102251.9921875
1504,242213.34375
1505,217429.46875
1506,112935.2421875
1507,188592.125
1508,131972.890625
1509,102562.28125
1510,488251.9375
1511,262204.4375
1512,167121.3125
1513,236781.890625
1514,85169.7421875
1515,169930.5
1516,333056.875
1517,183691.6875
1518,288913.53125
1519,170215.375
1520,341179.5
1521,114636.4453125
1522,284536.90625
1523,81769.28125
1524,69482.0390625
1525,499892.03125
1526,131556.375
1527,377189.6875
1528,160914.578125
1529,114511.140625
1530,126949.71875
1531,141052.359375
1532,80337.1796875
1533,98357.734375
1534,236004.90625
1535,208283.390625
1536,189092.328125
1537,86188.4765625
1538,238826.03125
1539,104781.09375
1540,170989.9375
1541,202306.671875
1542,165082.46875
1543,322091.90625
1544,229540.4375
1545,335161.59375
1546,307597.9375
1547,245687.25
1548,162705.859375
1549,333661.25
1550,224622.390625
1551,252877.171875
1552,132273.125
1553,129572.609375
1554,152113.390625
1555,132757.046875
1556,419773.21875
1557,173997.9375
1558,387880.4375
1559,241453.484375
1560,109563.3515625
1561,474576.21875
1562,234831.375
1563,386852.4375
1564,117797.4375
1565,405957.25
1566,92734.34375
1567,155227.15625
1568,168807.640625
1569,184265.703125
1570,200043.453125
1571,197613.90625
1572,144045.0625
1573,137529.078125
1574,126105.3359375
1575,69338.875
1576,249697.765625
1577,198835.765625
1578,201014.0625
1579,393592.625
1580,104755.0859375
1581,207652.59375
1582,169126.0
1583,101270.1171875
1584,178092.984375
1585,222102.828125
1586,303332.9375
1587,132351.296875
1588,274297.3125
1589,94289.03125
1590,260624.359375
1591,51100.0703125
1592,234182.015625
1593,96407.0546875
1594,403365.9375
1595,80498.6875
1596,291854.09375
1597,189865.875
1598,253542.40625
1599,122669.59375
1600,502349.90625
1601,62628.53515625
1602,307285.75
1603,130940.0859375
1604,288242.125
1605,206441.859375
1606,174560.046875
1607,194160.90625
1608,345628.9375
1609,153559.53125
1610,435126.875
1611,67607.875
1612,196865.28125
1613,271974.84375
1614,135294.53125
1615,239187.921875
1616,157634.71875
1617,128521.5859375
1618,226178.328125
1619,185441.625
1620,77821.1953125
1621,142937.234375
1622,89030.96875
1623,263580.625
1624,108977.375
1625,454632.125
1626,126864.5703125
1627,363227.40625
1628,119307.9609375
1629,145204.09375
1630,401938.625
1631,180216.515625
1632,217120.59375
1633,87322.140625
1634,186555.71875
1635,329455.71875
1636,57622.1484375
1637,133307.203125
1638,241184.65625
1639,116234.90625
1640,276716.5625
1641,191942.1875
1642,204685.515625
1643,278914.75
1644,225858.25
1645,315567.5625
1646,68763.1875
1647,55056.828125
1648,113871.328125
1649,134091.53125
1650,253435.40625
1651,214570.640625
1652,400211.625
1653,199641.859375
1654,276636.5625
1655,365279.9375
1656,241613.375
1657,196255.8125
1658,73553.4921875
1659,126704.1640625
1660,164932.8125
1661,79474.3125
1662,185539.40625
1663,124513.75
1664,127109.2421875
1665,108890.6875
1666,125978.390625
1667,149033.78125
1668,250193.546875
1669,122553.2734375
1670,394977.65625
1671,230606.796875
1672,163094.984375
1673,124877.921875
1674,308194.34375
1675,205492.390625
1676,89781.6015625
1677,345437.59375
1678,272356.625
1679,177229.140625
1680,108741.5703125
1681,123239.8671875
1682,144024.46875
1683,116839.546875
1684,151957.5625
1685,280876.84375
1686,212870.8125
1687,170837.703125
1688,145731.28125
1689,208317.03125
1690,140353.640625
1691,62163.85546875
1692,78724.578125
1693,165113.265625
1694,89886.9765625
1695,142058.4375
1696,53767.6328125
1697,189881.328125
1698,319948.65625
1699,141849.984375
1700,374272.03125
1701,73958.8125
1702,153935.796875
1703,191671.15625
1704,112195.8671875
1705,210484.265625
1706,265433.9375
1707,168740.65625
1708,108347.953125
1709,124347.5390625
1710,348504.28125
1711,246507.8125
1712,82758.9296875
1713,281058.90625
1714,185534.25
1715,168826.125
1716,256663.8125
1717,268526.25
1718,196572.78125
1719,260120.15625
1720,211828.265625
1721,236595.640625
1722,290701.375
1723,224729.34375
1724,122181.4921875
1725,298752.46875
1726,177582.40625
1727,173039.109375
1728,476004.40625
1729,232172.4375
1730,326334.0
1731,93307.234375
1732,176142.859375
1733,170530.140625
1734,191460.9375
1735,123306.2265625
1736,59563.19140625
1737,250036.03125
1738,252863.0
1739,309591.21875
1740,78326.9609375
1741,63060.2734375
1742,104995.2578125
1743,94219.375
1744,98993.546875
1745,340182.96875
1746,193318.71875
1747,105391.953125
1748,384107.5
1749,137044.765625
1750,196302.6875
1751,307788.21875
1752,280943.3125
1753,96557.6796875
1754,430028.09375
1755,238279.234375
1756,230255.890625
1757,551821.75
1758,182488.5
1759,141278.8125
1760,261054.203125
1761,128264.8359375
1762,156570.40625
1763,304883.15625
1764,386380.59375
1765,78572.1953125
1766,319680.78125
1767,114379.96875
1768,196366.109375
1769,308318.8125
1770,200287.140625
1771,313424.375
1772,80587.3671875
1773,98145.53125
1774,151607.5625
1775,228717.640625
1776,128355.9921875
1777,409681.21875
1778,447502.21875
1779,187371.46875
1780,367681.0
1781,228006.8125
1782,158012.09375
1783,327200.6875
1784,56526.046875
1785,405691.40625
1786,128336.34375
1787,409873.21875
1788,296626.6875
1789,195416.390625
1790,89018.953125
1791,157973.90625
1792,218678.15625
1793,156380.09375
1794,203764.421875
1795,199352.140625
1796,102540.296875
1797,154609.625
1798,119216.875
1799,98467.6171875
1800,109532.921875
1801,94148.1796875
1802,266950.90625
1803,184147.015625
1804,151284.3125
1805,272077.09375
1806,204999.1875
1807,220058.03125
1808,267091.0625
1809,214943.8125
1810,179226.703125
1811,90213.75
1812,355122.0
1813,184111.484375
1814,372326.34375
1815,208227.796875
1816,139161.46875
1817,194101.296875
1818,180826.140625
1819,96859.328125
1820,134522.390625
1821,507347.375
1822,193248.390625
1823,165534.171875
1824,474238.71875
1825,207266.84375
1826,289241.34375
1827,59063.61328125
1828,148517.03125
1829,133113.6875
1830,219720.453125
1831,410705.59375
1832,376132.34375
1833,85229.71875
1834,159074.9375
1835,334619.90625
1836,290112.0625
1837,83574.421875
1838,153281.015625
1839,111735.359375
1840,177610.34375
1841,85539.625
1842,200871.828125
1843,281233.84375
1844,87853.8125
1845,348183.9375
1846,100037.6640625
1847,275991.125
1848,278969.59375
1849,88275.65625
1850,191604.375
1851,244413.0
1852,211721.65625
1853,75200.328125
1854,204297.828125
1855,213158.09375
1856,198525.546875
1857,309261.4375
1858,83997.28125
1859,82673.328125
1860,373500.3125
1861,174289.078125
1862,235565.125
1863,294926.71875
1864,135974.0
1865,453463.1875
1866,285970.28125
1867,150450.796875
1868,171541.421875
1869,118194.9765625
1870,67742.8828125
1871,98790.21875
1872,337600.875
1873,197978.46875
1874,164221.859375
1875,204505.171875
1876,61218.82421875
1877,390558.59375
1878,258846.4375
1879,241625.140625
1880,462271.625
1881,286002.46875
1882,127520.0390625
1883,195928.125
1884,71914.234375
1885,132237.9375
1886,245181.140625
1887,423201.59375
1888,57514.33203125
1889,150586.46875
1890,260422.5625
1891,337082.28125
1892,190852.46875
1893,296995.1875
1894,210962.875
1895,121817.71875
1896,105012.9609375
1897,248849.34375
1898,417635.625
1899,420515.09375
1900,76005.625
1901,170603.21875
1902,125919.3515625
1903,98878.796875
1904,406374.09375
1905,92922.1796875
1906,142759.234375
1907,116576.3828125
1908,200163.59375
1909,199007.34375
1910,196563.8125
1911,235912.390625
1912,255710.953125
1913,280585.25
1914,122768.765625
1915,149803.96875
1916,255785.984375
1917,200536.078125
1918,95962.03125
1919,325292.34375
1920,118416.34375
1921,374679.90625
1922,243247.6875
1923,165580.796875
1924,300424.25
1925,327017.59375
1926,184659.25
1927,123821.8828125
1928,331068.09375
1929,188107.296875
1930,157128.265625
1931,83502.5390625
1932,334138.34375
1933,113510.78125
1934,326998.8125
1935,150919.96875
1936,312445.625
1937,282217.15625
1938,123505.6953125
1939,263298.96875
1940,166749.0625
1941,155841.53125
1942,212439.03125
1943,264864.03125
1944,147356.65625
1945,148308.8125
1946,117107.5234375
1947,328925.1875
1948,463349.4375
1949,156047.21875
1950,168043.59375
1951,436345.34375
1952,448861.78125
1953,167139.734375
1954,515535.8125
1955,130487.25
1956,139091.3125
1957,172084.140625
1958,148609.21875
1959,147439.578125
1960,125571.96875
1961,283239.3125
1962,325273.75
1963,100871.796875
1964,156672.53125
1965,86716.6484375
1966,239927.671875
1967,250901.515625
1968,211714.40625
1969,190939.84375
1970,144584.6875
1971,78909.7109375
1972,137574.71875
1973,142391.984375
1974,243846.578125
1975,298133.5625
1976,337728.0
1977,121931.484375
1978,193861.21875
1979,186424.625
1980,457673.59375
1981,126939.109375
1982,167986.78125
1983,167901.65625
1984,192409.890625
1985,296007.46875
1986,395604.8125
1987,183714.25
1988,293278.0625
1989,122989.640625
1990,217921.125
1991,352304.9375
1992,199749.03125
1993,481571.96875
1994,176729.734375
1995,318568.90625
1996,303985.1875
1997,311465.53125
1998,353074.8125
1999,118221.1171875
2000,108881.46875
2001,158517.953125
2002,145642.515625
2003,306162.1875
2004,504357.875
2005,82322.7734375
2006,465766.65625
2007,378861.40625
2008,248976.5625
2009,297376.65625
2010,209598.53125
2011,323987.28125
2012,331494.78125
2013,195787.8125
2014,196421.53125
2015,93814.0859375
2016,397453.96875
2017,162673.171875
2018,64433.60546875
2019,88960.5625
2020,119672.9609375
2021,361231.5625
2022,304425.21875
2023,240080.703125
2024,287358.6875
2025,98781.6328125
2026,85576.3203125
2027,143794.546875
2028,176222.59375
2029,192159.671875
2030,89089.03125
2031,83165.5390625
2032,396235.28125
2033,253321.6875
2034,279180.96875
2035,68523.7734375
2036,123286.578125
2037,78195.5859375
2038,73960.0546875
2039,323288.34375
2040,406376.21875
2041,282885.6875
2042,197982.40625
2043,401324.5625
2044,120100.421875
2045,145911.515625
2046,105770.515625
2047,254816.390625
2048,383074.90625
2049,73273.25
2050,488023.46875
2051,369138.09375
2052,199676.59375
2053,515250.96875
2054,232346.953125
2055,102499.21875
2056,230290.265625
2057,164378.03125
2058,299275.03125
2059,296478.34375
2060,57222.30078125
2061,160423.828125
2062,274256.84375
2063,176003.828125
2064,223892.484375
2065,314510.8125
2066,497225.8125
2067,125442.734375
2068,327890.4375
2069,102419.9296875
2070,178046.4375
2071,173259.96875
2072,68754.0
2073,181168.65625
2074,61384.25
2075,351519.28125
2076,175016.609375
2077,108943.25
2078,249629.34375
2079,293898.03125
2080,222169.453125
2081,107381.4609375
2082,84772.1875
2083,136536.640625
2084,76202.1640625
2085,418438.0625
2086,88228.03125
2087,154848.8125
2088,85329.203125
2089,82772.75
2090,58704.21875
2091,149238.203125
2092,409666.96875
2093,141326.359375
2094,200028.953125
2095,251722.828125
2096,368644.78125
2097,326542.71875
2098,118353.265625
2099,164147.84375
2100,174679.828125
2101,188726.265625
2102,231196.828125
2103,73926.6015625
2104,232097.640625
2105,114833.4140625
2106,134517.1875
2107,243943.328125
2108,156224.8125
2109,180795.234375
2110,105153.109375
2111,197412.703125
2112,134417.390625
2113,190899.359375
2114,111703.125
2115,181344.171875
2116,144935.46875
2117,281115.5
2118,153515.9375
2119,258156.5625
2120,312513.125
2121,102796.953125
2122,79749.5625
2123,152777.125
2124,121329.4921875
2125,470934.84375
2126,257003.3125
2127,238660.453125
2128,100159.5078125
2129,107888.21875
2130,151986.59375
2131,164739.15625
2132,179480.15625
2133,181884.109375
2134,279710.34375
2135,194374.125
2136,201000.96875
2137,234684.765625
2138,61604.1953125
2139,384077.8125
2140,149258.78125
2141,178183.59375
2142,302310.21875
2143,201215.5
2144,174902.609375
2145,183904.0
2146,89820.375
2147,284119.4375
2148,141934.015625
2149,69577.046875
2150,71853.2265625
2151,97869.6015625
2152,463897.78125
2153,371266.21875
2154,108546.46875
2155,321262.34375
2156,135849.53125
2157,100329.3359375
2158,210202.890625
2159,139309.546875
2160,461799.875
2161,73246.8671875
2162,216251.984375
2163,301228.8125
2164,102993.421875
2165,316543.53125
2166,177277.515625
2167,330118.5625
2168,307820.40625
2169,158217.34375
2170,196994.828125
2171,155798.1875
2172,400764.375
2173,212552.71875
2174,188914.09375
2175,95441.484375
2176,104793.6640625
2177,115306.96875
2178,150091.21875
2179,164701.0625
2180,107694.8125
2181,205269.125
2182,212460.09375
2183,482097.3125
2184,59900.5390625
2185,120267.7890625
2186,50948.078125
2187,160455.78125
2188,338091.09375
2189,103092.6640625
2190,352002.1875
2191,288087.6875
2192,208125.578125
2193,72294.5078125
2194,115463.78125
2195,215644.25
2196,327588.25
2197,54831.05078125
2198,197971.53125
2199,516629.4375
2200,365022.375
2201,216476.40625
2202,129448.9609375
2203,87707.6640625
2204,151606.25
2205,255529.65625
2206,135303.953125
2207,225574.796875
2208,125731.21875
2209,338507.40625
2210,399837.875
2211,329794.34375
2212,196021.078125
2213,170649.28125
2214,143624.375
2215,315710.03125
2216,192335.0625
2217,372922.25
2218,69854.515625
2219,97839.5625
2220,502443.15625
2221,112342.828125
2222,251215.671875
2223,122864.4609375
2224,82833.2421875
2225,293825.25
2226,207965.6875
2227,416519.625
2228,93765.515625
2229,196469.203125
2230,208473.90625
2231,167989.53125
2232,270569.84375
2233,157577.9375
2234,258336.4375
2235,99462.5078125
2236,62106.56640625
2237,271903.15625
2238,187450.0
2239,156532.453125
2240,345652.25
2241,351849.3125
2242,342664.90625
2243,506457.71875
2244,224210.046875
2245,158610.203125
2246,102583.765625
2247,96910.3046875
2248,167546.703125
2249,297670.84375
2250,102580.90625
2251,188895.1875
2252,270807.25
2253,298777.28125
2254,195742.4375
2255,363049.28125
2256,199726.109375
2257,84849.59375
2258,140741.765625
2259,123239.9921875
2260,113847.8359375
2261,95614.25
2262,219104.375
2263,183216.703125
2264,162393.0
2265,94279.4609375
2266,189229.546875
2267,95048.4296875
2268,162640.890625
2269,84999.328125
2270,356153.375
2271,146993.859375
2272,70341.90625
2273,210314.109375
2274,117254.0
2275,220360.78125
2276,221247.59375
2277,223411.28125
2278,107295.0390625
2279,165527.234375
2280,103090.3984375
2281,290588.28125
2282,105931.84375
2283,193861.296875
2284,113802.53125
2285,117238.203125
2286,318462.8125
2287,296810.28125
2288,214302.53125
2289,251072.890625
2290,210239.28125
2291,181017.265625
2292,81805.5859375
2293,101389.5546875
2294,56740.22265625
2295,174936.96875
2296,92587.9765625
2297,168772.6875
2298,133328.09375
2299,281890.28125
2300,208577.28125
2301,201800.59375
2302,219533.4375
2303,181429.921875
2304,288830.28125
2305,128359.46875
2306,160580.5625
2307,85104.8203125
2308,136367.046875
2309,225784.34375
2310,318985.4375
2311,126122.2890625
2312,93797.03125
2313,117798.359375
2314,147003.359375
2315,208178.96875
2316,196313.015625
2317,266691.75
2318,149570.390625
2319,202413.5625
2320,82429.9609375
2321,313199.59375
2322,74859.9453125
2323,179291.375
2324,203817.953125
2325,207272.53125
2326,304184.71875
2327,278689.96875
2328,180608.4375
2329,185793.796875
2330,105094.3359375
2331,134258.328125
2332,259301.546875
2333,283561.34375
2334,242481.65625
2335,162780.671875
2336,178580.796875
2337,497320.78125
2338,202932.25
2339,184908.125
2340,312630.28125
2341,117921.6953125
2342,231692.09375
2343,186165.265625
2344,128107.8515625
2345,148625.734375
2346,496088.46875
2347,276892.9375
2348,163908.65625
2349,269121.71875
2350,501536.5625
2351,247232.59375
2352,92747.53125
2353,158550.78125
2354,121156.5
2355,243059.125
2356,243354.890625
2357,178872.625
2358,428896.90625
2359,152624.3125
2360,106286.3203125
2361,299168.21875
2362,259537.234375
2363,235416.8125
2364,340878.03125
2365,158695.046875
2366,192879.78125
2367,79041.5703125
2368,172666.359375
2369,129069.2734375
2370,454425.75
2371,122292.40625
2372,159653.75
2373,66941.1953125
2374,88302.875
2375,94900.0625
2376,211121.359375
2377,175161.78125
2378,497550.125
2379,306044.84375
2380,217384.65625
2381,277034.46875
2382,408749.75
2383,134262.515625
2384,507656.1875
2385,124661.96875
2386,256672.59375
2387,109535.7890625
2388,240828.8125
2389,154411.53125
2390,205530.375
2391,157094.375
2392,144924.21875
2393,107145.09375
2394,302834.8125
2395,229771.75
2396,119158.2890625
2397,149452.21875
2398,106925.46875
2399,314769.96875
2400,278718.84375
2401,60308.70703125
2402,243549.234375
2403,137546.859375
2404,96647.59375
2405,93283.703125
2406,336283.21875
2407,113752.2890625
2408,187523.828125
2409,110537.2734375
2410,219262.328125
2411,125879.1328125
2412,94770.5625
2413,135124.03125
2414,114552.9296875
2415,140139.84375
2416,74662.3828125
2417,231084.78125
2418,83835.6640625
2419,218583.4375
2420,124224.8203125
2421,213855.0625
2422,223681.59375
2423,198390.578125
2424,186351.09375
2425,112625.34375
2426,98069.703125
2427,131714.484375
2428,134825.015625
2429,207775.703125
2430,86538.9765625
2431,137453.109375
2432,275574.59375
2433,106352.28125
2434,140453.109375
2435,133701.046875
2436,349720.59375
2437,286543.40625
2438,78918.1328125
2439,346470.3125
2440,103438.1875
2441,174513.640625
2442,125277.6015625
2443,208585.515625
2444,482677.34375
2445,176216.421875
2446,186624.28125
2447,194499.015625
2448,223900.875
2449,295419.78125
2450,223017.1875
2451,250693.4375
2452,267721.1875
2453,156129.265625
2454,375581.40625
2455,327084.21875
2456,209208.734375
2457,247605.140625
2458,405979.75
2459,120066.3359375
2460,120670.734375
2461,295481.5625
2462,293016.34375
2463,109712.0546875
2464,260091.65625
2465,194734.59375
2466,242700.359375
2467,148649.765625
2468,282294.90625
2469,135063.796875
2470,204341.671875
2471,537742.625
2472,168111.65625
2473,199029.96875
2474,293460.5625
2475,155735.046875
2476,58514.01953125
2477,122482.828125
2478,126751.53125
2479,129160.0234375
2480,220471.078125
2481,334885.71875
2482,132129.328125
2483,372176.90625
2484,254426.65625
2485,338872.03125
2486,231581.125
2487,184131.96875
2488,233680.703125
2489,290755.6875
2490,410687.96875
2491,83510.1015625
2492,217897.34375
2493,130794.84375
2494,332524.9375
2495,196774.359375
2496,55285.4765625
2497,406368.8125
2498,46986.73828125
2499,286868.40625
2500,238266.46875
2501,190280.6875
2502,301388.625
2503,202011.375
2504,102461.171875
2505,235251.09375
2506,178132.390625
2507,361391.53125
2508,191903.859375
2509,237047.84375
2510,142285.484375
2511,178768.953125
2512,199234.5
2513,198610.875
2514,346772.5
2515,285868.53125
2516,209486.78125
2517,398582.6875
2518,119400.90625
2519,278877.21875
2520,108720.6640625
2521,90995.546875
2522,368867.3125
2523,177849.65625
2524,153909.046875
2525,180945.796875
2526,164370.578125
2527,196320.53125
2528,408879.6875
2529,272017.59375
2530,292097.96875
2531,113052.2734375
2532,109158.640625
2533,151876.859375
2534,150759.953125
2535,354170.75
2536,165004.03125
2537,369799.65625
2538,163828.125
2539,436537.0625
2540,50390.50390625
2541,265852.0
2542,273174.0625
2543,241551.796875
2544,214110.78125
2545,189749.78125
2546,200182.828125
2547,200674.796875
2548,303081.25
2549,428631.53125
2550,218301.484375
2551,400166.125
2552,83627.671875
2553,201845.5
2554,111860.515625
2555,299731.84375
2556,500249.78125
2557,177489.4375
2558,104993.5
2559,258473.71875
2560,165178.765625
2561,209646.671875
2562,244535.71875
2563,189887.40625
2564,122330.90625
2565,176657.625
2566,188755.6875
2567,259450.78125
2568,198280.203125
2569,236547.921875
2570,246638.4375
2571,351594.59375
2572,223402.0
2573,210959.5625
2574,184724.421875
2575,102194.0390625
2576,172913.0625
2577,72766.9375
2578,244145.6875
2579,277837.09375
2580,378774.65625
2581,182838.15625
2582,139838.765625
2583,506357.1875
2584,280681.09375
2585,118907.78125
2586,292251.4375
2587,75119.2890625
2588,166858.203125
2589,118435.8515625
2590,158021.046875
2591,204506.875
2592,86428.40625
2593,147441.6875
2594,223002.359375
2595,178947.328125
2596,265242.1875
2597,131013.2265625
2598,186723.109375
2599,178127.984375
2600,186949.78125
2601,412977.15625
2602,185386.171875
2603,130791.1328125
2604,246749.5
2605,343968.0
2606,144847.203125
2607,159476.765625
2608,227391.578125
2609,50489.84375
2610,114716.296875
2611,203866.421875
2612,184770.6875
2613,110514.2890625
2614,322362.75
2615,472271.71875
2616,116331.9921875
2617,97883.4765625
2618,353659.28125
2619,95698.5
2620,115364.6484375
2621,81269.453125
2622,257613.953125
2623,178431.671875
2624,161554.859375
2625,148146.484375
2626,333196.8125
2627,81666.0390625
2628,160236.015625
2629,137286.96875
2630,112966.109375
2631,270484.8125
2632,100291.1328125
2633,205629.59375
2634,351783.53125
2635,157337.015625
2636,108095.234375
2637,136720.015625
2638,456828.75
2639,216057.5
2640,99106.0078125
2641,112704.8046875
2642,135461.71875
2643,104931.140625
2644,213973.59375
2645,129468.3671875
2646,74045.1484375
2647,383741.71875
2648,153490.34375
2649,175225.890625
2650,153443.625
2651,188156.75
2652,349333.03125
2653,87971.890625
2654,181688.53125
2655,83129.796875
2656,173413.421875
2657,142130.0
2658,189705.03125
2659,153328.625
2660,134540.34375
2661,167529.546875
2662,185545.1875
2663,253682.03125
2664,197190.203125
2665,476564.65625
2666,488573.40625
2667,208327.078125
2668,206930.859375
2669,178363.9375
2670,80411.5078125
2671,318126.21875
2672,215853.375
2673,67057.2734375
2674,139653.546875
2675,95503.75
2676,217980.046875
2677,195500.390625
2678,166295.734375
2679,273947.6875
2680,218240.1875
2681,171040.3125
2682,327409.5
2683,523002.3125
2684,241265.171875
2685,186073.71875
2686,428659.3125
2687,158853.5
2688,85362.8046875
2689,255762.3125
2690,273902.28125
2691,201189.5
2692,228833.171875
2693,227671.296875
2694,347793.84375
2695,184737.0
2696,181185.5625
2697,246215.171875
2698,209397.828125
2699,174235.5625
2700,69717.625
2701,134848.953125
2702,138562.78125
2703,376587.90625
2704,483569.28125
2705,113236.734375
2706,127782.484375
2707,144783.84375
2708,120665.03125
2709,109418.015625
2710,247715.84375
2711,193417.15625
2712,322351.46875
2713,77832.09375
2714,110146.890625
2715,92889.8671875
2716,95104.0078125
2717,261124.546875
2718,80946.4921875
2719,166403.484375
2720,122893.796875
2721,135770.46875
2722,267424.6875
2723,162440.609375
2724,194229.390625
2725,132703.515625
2726,185472.78125
2727,159330.28125
2728,120147.4140625
2729,246123.484375
2730,208989.828125
2731,162184.140625
2732,71486.1796875
2733,211601.046875
2734,177776.421875
2735,108953.921875
2736,156652.6875
2737,118084.2421875
2738,484715.78125
2739,336043.0
2740,71139.703125
2741,119412.140625
2742,146667.796875
2743,326504.0625
2744,198332.53125
2745,196446.25
2746,250901.671875
2747,168609.640625
2748,460844.75
2749,126906.4609375
2750,53734.390625
2751,113178.2578125
2752,273452.46875
2753,208598.671875
2754,68791.71875
2755,122973.546875
2756,139794.390625
2757,385952.65625
2758,161186.84375
2759,165204.796875
2760,174889.1875
2761,104402.0234375
2762,187974.828125
2763,239843.578125
2764,395174.15625
2765,190218.984375
2766,205474.671875
2767,160671.3125
2768,362351.1875
2769,141342.75
2770,309138.8125
2771,390528.25
2772,151428.625
2773,114269.0859375
2774,325330.125
2775,105797.0546875
2776,117265.3125
2777,294146.375
2778,73702.5
2779,80711.3671875
2780,306286.15625
2781,80488.3046875
2782,263475.28125
2783,79654.296875
2784,127602.2109375
2785,174911.6875
2786,93613.109375
2787,188899.359375
2788,350065.1875
2789,317192.46875
2790,119961.9921875
2791,236072.390625
2792,264383.78125
2793,165513.59375
2794,107238.0703125
2795,389140.59375
2796,306352.125
2797,120056.421875
2798,170756.640625
2799,198709.359375
2800,111198.7265625
2801,102176.40625
2802,87472.046875
2803,110222.75
2804,232668.78125
2805,173644.59375
2806,205626.78125
2807,192560.234375
2808,200562.234375
2809,229062.796875
2810,482251.75
2811,284038.90625
2812,180497.15625
2813,172988.921875
2814,172561.21875
2815,154463.4375
2816,194099.1875
2817,159911.453125
2818,386032.09375
2819,187472.15625
2820,57491.86328125
2821,165444.15625
2822,143535.3125
2823,80739.4765625
2824,65570.109375
2825,204592.546875
2826,151886.953125
2827,390608.40625
2828,216372.359375
2829,267865.21875
2830,192551.46875
2831,225908.203125
2832,70785.2890625
2833,99181.578125
2834,91884.7734375
2835,171396.46875
2836,256304.625
2837,203219.59375
2838,340795.25
2839,245167.0625
2840,382822.53125
2841,101313.1640625
2842,126722.5703125
2843,297729.0625
2844,221960.453125
2845,154294.765625
2846,102152.7421875
2847,158837.046875
2848,224036.015625
2849,224284.25
2850,503399.3125
2851,244765.796875
2852,305256.25
2853,127514.859375
2854,202936.515625
2855,208352.421875
2856,192990.671875
2857,377824.3125
2858,215710.46875
2859,150069.625
2860,249363.828125
2861,184518.171875
2862,112585.734375
2863,178372.78125
2864,286104.3125
2865,215423.1875
2866,239305.671875
2867,432059.78125
2868,141328.65625
2869,417152.0625
2870,380143.03125
2871,190257.515625
2872,117285.9140625
2873,164738.421875
2874,186255.40625
2875,144410.65625
2876,378533.75
2877,194786.484375
2878,112420.9140625
2879,104621.34375
2880,252000.296875
2881,121833.34375
2882,135679.71875
2883,67021.21875
2884,113505.28125
2885,232622.65625
2886,283018.15625
2887,76046.75
2888,179270.09375
2889,125112.703125
2890,433332.75
2891,49842.40625
2892,103879.09375
2893,387969.0625
2894,151673.28125
2895,360014.46875
2896,196398.328125
2897,62035.19140625
2898,208072.546875
2899,167790.46875
2900,132827.171875
2901,149563.078125
2902,74629.6484375
2903,210748.921875
2904,158980.578125
2905,108018.7109375
2906,135814.203125
2907,158227.515625
2908,280319.71875
2909,281242.5
2910,131387.609375
2911,112932.8671875
2912,120357.5078125
2913,270800.96875
2914,98223.5703125
2915,102255.8046875
2916,296355.03125
2917,428047.75
2918,262558.59375
2919,127763.9453125
2920,103092.3359375
2921,164548.59375
2922,262754.09375
2923,215082.890625
2924,143806.171875
2925,383711.78125
2926,167671.375
2927,350510.34375
2928,235212.015625
2929,238717.875
2930,200637.765625
2931,99988.859375
2932,137378.34375
2933,214100.828125
2934,204208.4375
2935,156467.140625
2936,142662.046875
2937,473184.59375
2938,203097.359375
2939,116283.453125
2940,92791.484375
2941,75090.171875
2942,208141.46875
2943,75847.1484375
2944,325075.84375
2945,262606.03125
2946,236909.421875
2947,143469.9375
2948,130552.5078125
2949,161775.78125
2950,302996.78125
2951,93071.3828125
2952,211528.84375
2953,62990.6328125
2954,123665.90625
2955,198397.53125
2956,407890.53125
2957,132206.09375
2958,212487.46875
2959,435253.6875
2960,526235.1875
2961,166493.734375
2962,128777.4375
2963,408412.40625
2964,96194.3046875
2965,255535.1875
2966,371832.59375
2967,168907.71875
2968,251882.65625
2969,184331.9375
2970,416788.96875
2971,206908.734375
2972,232543.125
2973,183745.6875
2974,143682.484375
2975,239294.625
2976,211641.546875
2977,76220.859375
2978,159238.734375
2979,188969.0
2980,84278.5625
2981,174235.890625
2982,194705.8125
2983,408955.96875
2984,127061.4765625
2985,127818.15625
2986,91533.75
2987,293010.28125
2988,214975.40625
2989,165121.765625
2990,166378.25
2991,261047.90625
2992,454849.53125
2993,495212.84375
2994,213196.734375
2995,275789.09375
2996,217988.8125
2997,69096.6875
2998,176070.28125
2999,504249.5
