TransactionID,isFraud,TransactionDT,TransactionAmt,ProductCD,card1,card2,card3,card4,card5,card6,addr1,addr2,dist1,P_emaildomain,R_emaildomain,V1,V2,V3,V4,V5
3000000,0,133802,56.95,R,1264,596.0,185.0,,216.0,debit,470.0,46.0,10.54,aol.com,yahoo.com,-0.301,0.497,-1.014,-1.391,-0.553
3000001,0,128571,48.32,W,1630,592.0,140.0,discover,270.0,charge card,446.0,77.0,,hotmail.com,yahoo.com,1.25,-0.214,-1.448,-0.086,1.145
3000002,0,797080,18.35,R,1384,379.0,124.0,american express,,charge card,382.0,97.0,12.06,gmail.com,outlook.com,-1.376,1.053,0.357,-0.304,0.276
3000003,0,499278,55.41,S,1339,553.0,119.0,mastercard,228.0,debit,229.0,,,gmail.com,outlook.com,-0.782,-0.258,,0.256,
3000004,0,590033,70.7,W,1557,275.0,166.0,discover,135.0,,134.0,,12.66,aol.com,hotmail.com,0.126,0.24,-0.595,0.05,0.879
3000005,0,601498,94.56,C,1449,192.0,116.0,discover,,debit,395.0,,13.23,,aol.com,-1.344,0.491,-0.816,-0.15,-1.27
3000006,0,712172,112.71,R,1537,578.0,115.0,,105.0,debit,,69.0,16.04,outlook.com,outlook.com,-0.029,-0.147,0.926,0.844,-1.768
3000007,0,28689,26.05,C,1542,,140.0,mastercard,122.0,charge card,438.0,36.0,9.3,outlook.com,hotmail.com,0.204,-0.468,-2.652,-0.617,2.108
3000008,0,485503,65.84,W,1606,503.0,135.0,mastercard,279.0,credit,313.0,94.0,14.1,aol.com,,0.678,-0.646,-0.389,-1.018,0.637
3000009,0,147926,13.56,R,1540,253.0,161.0,mastercard,228.0,charge card,369.0,,7.96,hotmail.com,outlook.com,,-0.224,-0.012,1.135,1.091
3000010,0,401493,117.66,S,1623,547.0,182.0,discover,244.0,debit,342.0,,8.3,,gmail.com,0.195,0.001,0.214,0.625,-0.361
3000011,0,928211,240.73,W,1770,196.0,185.0,visa,286.0,charge card,379.0,,,aol.com,,-0.546,0.946,-0.059,-0.896,-0.401
3000012,0,547753,96.11,W,1682,360.0,117.0,american express,227.0,,,,7.26,gmail.com,yahoo.com,0.153,0.027,0.882,-1.185,-0.937
3000013,0,70421,44.04,S,1370,568.0,124.0,visa,293.0,credit,132.0,45.0,,hotmail.com,yahoo.com,0.169,-0.576,-0.141,,
3000014,1,542744,82.09,S,1206,,117.0,american express,,charge card,150.0,74.0,9.12,hotmail.com,aol.com,0.383,-1.104,-0.465,2.284,-0.608
3000015,0,129774,151.56,S,1457,295.0,186.0,american express,285.0,debit,423.0,30.0,16.65,yahoo.com,outlook.com,0.661,-0.802,0.216,0.754,-1.588
3000016,0,754437,44.41,W,1584,,130.0,american express,,debit,428.0,41.0,5.24,aol.com,outlook.com,0.671,0.358,0.319,0.309,1.347
3000017,0,948328,39.65,S,1015,534.0,166.0,discover,247.0,charge card,122.0,84.0,13.13,hotmail.com,outlook.com,0.61,0.077,0.245,0.756,
3000018,0,979445,73.64,H,1522,401.0,150.0,discover,196.0,charge card,229.0,33.0,8.36,gmail.com,yahoo.com,0.18,1.29,0.388,0.616,0.912
3000019,0,621883,160.06,R,1153,398.0,115.0,mastercard,168.0,credit,494.0,,,,yahoo.com,-0.002,-0.163,1.125,2.483,-1.179
3000020,0,868334,96.97,S,1437,151.0,139.0,discover,222.0,charge card,454.0,16.0,8.58,gmail.com,outlook.com,-0.596,-0.444,1.406,0.652,0.113
3000021,0,368993,108.28,S,1199,129.0,103.0,visa,136.0,,181.0,93.0,-1.21,gmail.com,,,1.357,-1.085,0.553,-0.976
3000022,0,145740,123.81,S,1551,521.0,164.0,mastercard,192.0,credit,394.0,,16.03,,yahoo.com,1.176,0.946,-0.812,-0.227,-0.506
3000023,0,511390,196.71,C,1168,316.0,102.0,discover,144.0,debit,189.0,45.0,,gmail.com,outlook.com,-0.565,1.156,2.093,,-0.172
3000024,0,443734,79.42,H,1363,504.0,123.0,,,credit,262.0,86.0,11.95,,yahoo.com,0.566,-1.242,-0.389,0.431,-0.579
3000025,1,662843,52.88,R,1415,490.0,196.0,discover,178.0,debit,,80.0,10.03,outlook.com,yahoo.com,-0.2,-0.083,-2.107,0.244,-0.142
3000026,0,994540,126.51,R,1781,237.0,176.0,discover,242.0,debit,411.0,59.0,2.69,gmail.com,outlook.com,-0.255,0.205,-0.156,-2.661,-0.327
3000027,0,275309,171.73,W,1159,,124.0,discover,123.0,debit,254.0,55.0,,,,-1.107,0.177,0.394,-0.156,-0.95
3000028,0,855718,110.69,R,1642,442.0,102.0,american express,259.0,debit,124.0,70.0,15.87,aol.com,hotmail.com,-0.346,-2.344,1.164,,-0.044
3000029,0,137968,70.18,R,1456,246.0,106.0,american express,161.0,charge card,148.0,,14.02,yahoo.com,yahoo.com,0.561,0.02,0.4,0.754,0.032
3000030,0,347747,214.41,W,1588,437.0,149.0,american express,209.0,debit,254.0,57.0,8.15,gmail.com,outlook.com,0.425,-0.047,,-1.976,0.824
3000031,0,788039,7.74,S,1660,146.0,165.0,mastercard,294.0,credit,165.0,,6.41,gmail.com,outlook.com,0.777,1.059,0.238,-0.578,-0.269
3000032,1,247626,86.13,R,1461,,111.0,mastercard,,credit,368.0,62.0,9.61,aol.com,aol.com,-0.762,-0.248,1.103,-1.089,-1.255
3000033,0,670360,76.47,H,1058,337.0,127.0,,249.0,debit,486.0,61.0,3.54,gmail.com,outlook.com,-2.327,0.038,-1.574,0.051,-0.685
3000034,0,458994,20.17,W,1744,518.0,186.0,american express,244.0,credit,116.0,33.0,11.22,hotmail.com,yahoo.com,0.648,-0.197,,,-0.091
3000035,0,512382,58.79,R,1194,571.0,194.0,mastercard,240.0,debit,182.0,93.0,1.86,hotmail.com,,-0.125,-1.108,0.311,0.457,-0.256
3000036,0,941279,117.64,H,1469,,100.0,american express,,charge card,445.0,66.0,6.24,hotmail.com,yahoo.com,0.609,0.61,0.21,-0.551,
3000037,0,816736,106.5,R,1397,109.0,166.0,american express,,,113.0,59.0,14.12,hotmail.com,outlook.com,,1.852,1.179,-0.298,1.566
3000038,0,839170,143.57,R,1266,,172.0,,280.0,debit,439.0,59.0,,,,1.01,-0.971,-1.23,-1.219,
3000039,0,549075,53.77,H,1036,543.0,188.0,american express,201.0,credit,227.0,58.0,6.7,hotmail.com,yahoo.com,-2.242,1.492,1.272,0.215,0.468
3000040,0,982267,255.17,S,1334,,181.0,discover,225.0,credit,169.0,58.0,10.66,outlook.com,,-0.589,1.665,0.831,-0.629,0.661
3000041,0,980913,166.15,H,1114,399.0,165.0,mastercard,198.0,charge card,289.0,79.0,8.62,aol.com,yahoo.com,-0.426,-1.384,-1.137,1.223,-0.253
3000042,0,135120,52.97,W,1235,364.0,,discover,233.0,charge card,209.0,79.0,11.18,,aol.com,1.549,-1.303,-0.166,,0.114
3000043,0,204510,92.33,R,1459,240.0,173.0,mastercard,285.0,credit,127.0,51.0,15.29,gmail.com,aol.com,-0.862,-0.811,-0.062,-1.53,0.892
3000044,0,308367,130.61,R,1653,,123.0,mastercard,274.0,charge card,290.0,96.0,9.44,gmail.com,aol.com,-0.433,-0.967,-2.165,-0.048,0.718
3000045,0,553730,51.54,R,1319,549.0,146.0,american express,,debit,372.0,42.0,1.54,hotmail.com,yahoo.com,1.021,-0.733,0.015,-1.227,-1.59
3000046,0,823862,236.25,H,1347,179.0,159.0,visa,292.0,credit,383.0,87.0,12.04,gmail.com,,-1.932,-1.056,-0.588,-1.168,-0.143
3000047,0,483625,116.01,W,1722,563.0,,american express,160.0,credit,288.0,67.0,5.98,gmail.com,hotmail.com,-0.673,-0.373,-0.593,0.191,-0.207
3000048,0,983765,115.4,S,1767,599.0,152.0,discover,217.0,debit,370.0,57.0,,aol.com,aol.com,-1.523,0.418,,0.501,0.277
3000049,0,353275,110.15,R,1456,586.0,178.0,visa,151.0,credit,431.0,49.0,14.79,yahoo.com,gmail.com,-1.219,0.766,0.299,-0.266,1.591
3000050,0,928321,109.35,R,1382,538.0,154.0,american express,288.0,debit,,,9.87,,outlook.com,0.364,-0.226,1.359,,1.533
3000051,0,591595,110.79,H,1605,,118.0,discover,,charge card,,26.0,12.22,yahoo.com,,-0.069,-1.009,1.327,0.066,-0.75
3000052,0,720778,124.53,R,1483,340.0,148.0,discover,124.0,debit,,98.0,2.74,hotmail.com,hotmail.com,-0.252,0.512,1.22,-0.537,1.612
3000053,0,235301,42.15,C,1276,307.0,106.0,visa,,debit,119.0,61.0,1.37,yahoo.com,yahoo.com,-0.171,0.584,0.423,1.74,-0.408
3000054,0,592016,70.51,R,1000,,125.0,visa,103.0,debit,,66.0,8.26,gmail.com,hotmail.com,-0.557,-0.81,0.919,0.602,1.035
3000055,0,802202,81.6,C,1301,432.0,191.0,american express,225.0,debit,320.0,41.0,11.65,yahoo.com,outlook.com,-0.179,0.368,-1.376,0.063,0.439
3000056,0,886692,218.07,W,1776,155.0,174.0,american express,,credit,342.0,19.0,16.66,outlook.com,,0.414,-1.131,-0.511,0.823,0.101
3000057,0,867333,196.1,S,1682,,138.0,mastercard,179.0,debit,499.0,55.0,6.65,hotmail.com,gmail.com,-0.908,-0.734,-0.181,0.913,-0.678
3000058,0,967332,77.45,R,1558,,134.0,visa,,charge card,233.0,76.0,5.4,outlook.com,outlook.com,0.047,0.067,0.041,-0.123,1.062
3000059,0,128760,67.57,W,1492,274.0,155.0,mastercard,287.0,debit,114.0,84.0,5.76,,gmail.com,-0.569,-0.283,-0.533,1.107,
3000060,0,778721,91.77,C,1275,349.0,192.0,,241.0,charge card,250.0,87.0,6.29,aol.com,hotmail.com,0.874,,-0.114,-1.561,-1.449
3000061,0,467073,81.84,W,1731,265.0,139.0,mastercard,250.0,credit,397.0,96.0,10.84,gmail.com,outlook.com,1.172,-0.201,0.856,-1.2,1.447
3000062,0,685695,95.5,R,1749,492.0,134.0,american express,283.0,charge card,277.0,33.0,2.93,hotmail.com,,,0.202,-1.304,0.193,
3000063,0,277145,26.48,S,1201,304.0,174.0,discover,209.0,credit,276.0,,13.72,,yahoo.com,,1.08,0.579,-1.279,0.648
3000064,0,14573,79.39,H,1710,,,,217.0,credit,224.0,20.0,3.49,yahoo.com,outlook.com,-0.549,-1.571,-0.07,1.593,-0.715
3000065,0,83117,142.56,W,1091,110.0,177.0,mastercard,179.0,credit,383.0,17.0,21.12,yahoo.com,yahoo.com,-0.391,0.603,0.405,-0.023,0.007
3000066,0,972671,47.35,H,1507,421.0,,discover,293.0,charge card,205.0,19.0,9.33,hotmail.com,outlook.com,0.156,1.113,0.192,1.016,-0.053
3000067,0,895944,73.31,C,1541,520.0,118.0,mastercard,231.0,debit,,90.0,10.44,yahoo.com,yahoo.com,-0.347,-0.247,0.311,0.116,-2.888
3000068,0,303429,199.47,H,1695,496.0,116.0,discover,124.0,charge card,415.0,32.0,1.81,gmail.com,outlook.com,0.564,1.051,-0.328,-0.44,1.556
3000069,0,429949,44.63,S,1100,,177.0,american express,238.0,credit,433.0,96.0,11.4,gmail.com,aol.com,-0.214,-1.137,0.985,-0.198,0.625
3000070,0,240921,19.77,R,1227,306.0,179.0,discover,251.0,credit,,66.0,0.56,gmail.com,yahoo.com,-1.339,-0.916,1.058,0.906,-0.105
3000071,0,147692,160.55,R,1060,333.0,131.0,mastercard,247.0,credit,323.0,,,hotmail.com,outlook.com,-1.074,-1.384,0.679,-0.258,1.911
3000072,0,857504,59.23,S,1020,427.0,195.0,discover,183.0,debit,330.0,30.0,6.81,yahoo.com,hotmail.com,0.232,1.546,-0.793,-1.961,1.547
3000073,0,673362,171.96,S,1312,416.0,156.0,american express,162.0,debit,228.0,43.0,,gmail.com,hotmail.com,2.393,-0.902,-0.229,1.432,1.357
3000074,0,76652,58.17,H,1733,552.0,,discover,139.0,credit,344.0,96.0,12.48,outlook.com,hotmail.com,0.087,0.476,0.223,-0.33,-1.07
3000075,0,202216,116.92,H,1549,504.0,148.0,american express,180.0,credit,233.0,51.0,14.57,gmail.com,outlook.com,-1.616,-1.722,,,2.106
3000076,0,563723,65.88,R,1525,186.0,169.0,discover,161.0,charge card,384.0,38.0,16.62,,gmail.com,0.21,0.88,0.742,-0.177,0.502
3000077,0,901431,247.91,W,1288,452.0,184.0,mastercard,147.0,credit,360.0,18.0,15.53,yahoo.com,yahoo.com,-0.748,-1.414,0.529,-0.962,1.705
3000078,0,995967,72.53,R,1478,188.0,173.0,discover,145.0,credit,344.0,80.0,13.65,aol.com,aol.com,-1.399,-0.783,,-2.63,-0.812
3000079,0,217149,12.23,C,1602,266.0,141.0,visa,127.0,debit,213.0,70.0,6.96,outlook.com,hotmail.com,2.653,-2.634,-1.274,-0.557,-0.034
3000080,0,611480,32.91,S,1684,247.0,118.0,discover,,debit,282.0,26.0,4.38,hotmail.com,hotmail.com,2.419,-1.351,0.6,-0.655,-0.769
3000081,0,33075,140.0,S,1364,,,american express,161.0,charge card,226.0,31.0,13.65,hotmail.com,hotmail.com,-0.082,0.89,,0.181,-0.493
3000082,0,174561,72.41,S,1220,417.0,177.0,mastercard,,credit,306.0,,11.6,yahoo.com,yahoo.com,-0.073,-1.458,-0.506,0.153,-0.848
3000083,0,200769,139.33,C,1227,266.0,194.0,discover,151.0,debit,475.0,28.0,7.42,hotmail.com,yahoo.com,-0.325,,0.149,-0.435,-0.895
3000084,0,442009,45.59,S,1439,185.0,,visa,272.0,charge card,127.0,46.0,9.71,aol.com,hotmail.com,0.81,2.145,-1.478,-0.784,0.959
3000085,0,345748,140.22,R,1427,366.0,157.0,mastercard,156.0,credit,188.0,51.0,14.61,outlook.com,outlook.com,,-0.249,-2.348,1.673,-0.119
3000086,0,726995,160.5,R,1760,138.0,103.0,visa,188.0,charge card,107.0,56.0,14.45,,,1.085,-1.441,,0.437,-0.245
3000087,0,468908,99.97,S,1483,505.0,181.0,visa,195.0,charge card,375.0,83.0,7.02,,gmail.com,-1.144,-0.439,0.397,-0.023,-1.938
3000088,0,339014,146.25,R,1422,365.0,172.0,,239.0,debit,123.0,38.0,3.51,hotmail.com,hotmail.com,,0.189,0.347,-1.42,
3000089,0,906134,90.5,W,1119,103.0,188.0,mastercard,176.0,debit,,16.0,0.54,aol.com,,0.796,-2.113,0.313,-0.605,
3000090,0,625353,27.11,H,1061,284.0,162.0,discover,292.0,charge card,218.0,62.0,7.71,aol.com,yahoo.com,0.129,-0.721,,0.017,0.975
3000091,0,697361,60.15,S,1473,402.0,122.0,visa,246.0,,178.0,59.0,8.44,yahoo.com,hotmail.com,-1.543,0.101,0.987,-1.107,-0.359
3000092,0,745913,77.69,C,1716,106.0,150.0,mastercard,,debit,,79.0,3.46,outlook.com,gmail.com,,0.374,0.503,-0.799,0.471
3000093,0,339321,106.69,H,1134,521.0,145.0,discover,151.0,credit,376.0,,15.22,gmail.com,outlook.com,1.005,-1.967,-0.605,-1.042,-0.327
3000094,0,891310,172.17,R,1509,467.0,192.0,,198.0,charge card,124.0,74.0,19.32,aol.com,gmail.com,-2.217,-0.108,-0.048,-0.272,-0.875
3000095,0,16878,109.52,H,1774,380.0,190.0,,243.0,debit,,,6.21,yahoo.com,aol.com,1.565,0.053,,0.302,-1.294
3000096,0,306802,65.18,H,1679,132.0,138.0,american express,,charge card,121.0,23.0,13.63,hotmail.com,aol.com,-0.18,1.074,-0.545,-0.197,0.912
3000097,0,159824,99.02,W,1425,,176.0,mastercard,277.0,debit,281.0,23.0,9.43,gmail.com,yahoo.com,1.503,0.259,-1.205,-0.302,
3000098,0,4012,26.84,S,1788,,116.0,discover,240.0,credit,376.0,43.0,12.82,gmail.com,aol.com,,1.032,,0.341,-1.169
3000099,0,996435,141.15,H,1164,337.0,184.0,visa,199.0,credit,192.0,34.0,10.86,hotmail.com,yahoo.com,0.37,0.525,-2.005,0.809,0.18
3000100,0,89822,101.05,C,1313,192.0,116.0,,186.0,debit,233.0,13.0,9.6,gmail.com,yahoo.com,-0.101,-0.904,-1.354,-2.919,1.0
3000101,0,459716,34.49,S,1034,357.0,160.0,american express,261.0,debit,466.0,13.0,,gmail.com,hotmail.com,-0.184,2.764,1.264,-1.054,
3000102,0,819647,109.29,H,1441,516.0,188.0,discover,295.0,charge card,213.0,52.0,13.47,,aol.com,-0.722,0.643,0.598,-0.328,0.755
3000103,0,691040,44.89,C,1171,413.0,137.0,american express,115.0,credit,387.0,79.0,7.98,hotmail.com,hotmail.com,0.137,0.219,0.483,0.289,-0.436
3000104,0,856614,145.94,S,1264,288.0,,american express,,charge card,302.0,90.0,,hotmail.com,hotmail.com,0.331,-0.425,0.762,-2.291,-1.977
3000105,0,54669,170.94,W,1254,137.0,178.0,visa,152.0,debit,199.0,15.0,7.06,yahoo.com,outlook.com,-1.565,1.555,-0.698,,-1.374
3000106,0,497204,77.25,R,1645,401.0,127.0,discover,138.0,charge card,443.0,59.0,9.83,,outlook.com,-0.648,0.052,-0.433,1.212,-0.356
3000107,0,34051,82.16,W,1458,496.0,134.0,discover,117.0,credit,243.0,64.0,13.01,gmail.com,gmail.com,-2.456,0.555,,-0.077,0.184
3000108,0,191481,26.81,H,1056,403.0,144.0,discover,180.0,debit,428.0,69.0,12.33,outlook.com,aol.com,,,1.389,0.1,0.874
3000109,0,845890,43.39,W,1530,375.0,158.0,visa,198.0,charge card,207.0,84.0,2.39,aol.com,outlook.com,-0.85,-0.172,-0.5,0.886,1.934
3000110,0,73179,15.77,W,1742,179.0,173.0,american express,203.0,charge card,,44.0,12.92,outlook.com,outlook.com,0.447,-1.642,-1.383,0.627,-0.016
3000111,0,587882,129.39,R,1569,238.0,121.0,visa,175.0,debit,416.0,70.0,4.14,gmail.com,hotmail.com,-0.043,-0.62,-0.924,-0.751,0.061
3000112,0,20153,174.35,S,1678,336.0,123.0,visa,193.0,credit,235.0,68.0,,hotmail.com,gmail.com,0.052,1.749,1.425,0.155,0.817
3000113,0,308710,18.82,S,1352,,,american express,196.0,credit,347.0,85.0,,hotmail.com,yahoo.com,-0.529,0.219,-0.124,-0.785,
3000114,0,932766,57.9,S,1288,302.0,153.0,visa,241.0,charge card,478.0,43.0,2.67,outlook.com,gmail.com,-1.207,-0.731,-1.283,,-0.346
3000115,0,317377,179.84,W,1504,299.0,144.0,mastercard,146.0,credit,229.0,64.0,4.76,hotmail.com,gmail.com,0.798,-0.95,,0.68,0.079
3000116,0,309063,82.76,S,1799,490.0,,mastercard,235.0,charge card,412.0,41.0,14.05,yahoo.com,hotmail.com,0.656,,0.713,0.957,1.576
3000117,0,89238,36.76,R,1442,487.0,111.0,discover,106.0,charge card,315.0,14.0,11.59,outlook.com,yahoo.com,-1.252,-0.472,-0.819,0.365,
3000118,0,774697,39.4,H,1387,212.0,166.0,visa,215.0,debit,,,-0.19,yahoo.com,aol.com,,-0.205,-0.677,-2.624,-1.715
3000119,1,172670,108.39,R,1237,248.0,110.0,american express,,charge card,409.0,25.0,14.75,yahoo.com,yahoo.com,0.319,1.446,-1.019,-0.119,1.543
3000120,0,498917,175.12,S,1212,148.0,165.0,mastercard,189.0,charge card,202.0,32.0,7.01,outlook.com,hotmail.com,-1.166,,-1.675,-0.858,-0.143
3000121,0,24587,53.14,C,1175,374.0,188.0,discover,287.0,credit,197.0,89.0,4.26,gmail.com,outlook.com,-0.893,1.693,-0.443,0.713,1.259
3000122,0,22057,24.07,C,1762,524.0,110.0,discover,101.0,credit,438.0,,11.3,gmail.com,gmail.com,,-1.748,0.67,1.096,-0.599
3000123,0,839125,168.42,R,1319,194.0,198.0,,138.0,debit,257.0,21.0,6.92,hotmail.com,aol.com,0.07,-0.227,0.557,0.287,-2.092
3000124,0,7834,174.95,W,1687,147.0,,american express,257.0,debit,177.0,40.0,10.24,,gmail.com,0.931,-2.009,-0.125,-0.512,-0.648
3000125,0,466303,71.39,R,1551,236.0,116.0,discover,247.0,charge card,262.0,41.0,11.32,hotmail.com,hotmail.com,-0.348,-2.262,-1.45,0.445,-1.518
3000126,0,427222,62.52,R,1792,108.0,122.0,mastercard,188.0,charge card,421.0,96.0,21.98,yahoo.com,gmail.com,0.613,0.176,0.077,0.81,0.148
3000127,1,127203,202.49,C,1107,264.0,136.0,american express,170.0,charge card,322.0,46.0,14.6,gmail.com,hotmail.com,0.501,-1.887,0.963,1.144,0.147
3000128,0,644939,50.81,W,1376,572.0,197.0,mastercard,145.0,credit,452.0,56.0,11.31,outlook.com,outlook.com,1.919,0.009,1.031,1.03,-0.445
3000129,0,739247,129.23,H,1508,171.0,167.0,discover,248.0,charge card,117.0,75.0,10.53,yahoo.com,gmail.com,-0.809,-0.954,-0.593,-0.247,1.697
3000130,0,985003,94.8,S,1724,484.0,114.0,visa,235.0,credit,,92.0,11.75,yahoo.com,,-0.076,1.124,-0.947,0.188,-1.149
3000131,0,195653,17.85,R,1016,480.0,114.0,mastercard,220.0,debit,,98.0,12.44,gmail.com,,-1.03,1.173,0.921,0.029,-1.367
3000132,0,923234,95.32,W,1347,560.0,184.0,discover,206.0,credit,253.0,12.0,6.96,hotmail.com,gmail.com,0.616,-1.671,0.091,1.203,0.114
3000133,0,61921,24.27,C,1146,,106.0,american express,251.0,credit,183.0,78.0,12.55,yahoo.com,gmail.com,0.721,0.724,1.401,-1.484,0.694
3000134,0,141266,38.01,S,1626,151.0,113.0,discover,224.0,debit,491.0,41.0,6.65,yahoo.com,gmail.com,1.699,-0.071,0.881,-1.55,0.081
3000135,0,598392,34.22,S,1535,273.0,190.0,mastercard,298.0,credit,154.0,21.0,7.24,outlook.com,hotmail.com,-0.196,0.475,1.099,1.091,-0.816
3000136,0,867291,248.78,W,1314,155.0,138.0,american express,106.0,credit,405.0,29.0,9.6,outlook.com,yahoo.com,0.871,-0.592,0.022,1.089,0.933
3000137,0,895757,196.67,H,1646,392.0,128.0,mastercard,156.0,,238.0,,15.04,yahoo.com,hotmail.com,0.25,1.197,-1.212,0.679,-2.143
3000138,0,739973,30.93,S,1531,362.0,102.0,american express,152.0,charge card,184.0,83.0,14.1,aol.com,outlook.com,1.755,0.951,0.423,-0.138,-1.327
3000139,0,26944,35.67,W,1613,214.0,195.0,mastercard,275.0,debit,192.0,52.0,,aol.com,gmail.com,0.08,-0.109,-0.262,0.965,-0.369
3000140,0,417306,29.86,H,1471,160.0,127.0,visa,170.0,debit,373.0,89.0,15.99,yahoo.com,yahoo.com,-0.157,-1.693,,-0.073,-1.932
3000141,0,805136,127.5,S,1546,318.0,,american express,141.0,,,22.0,10.32,,gmail.com,0.908,-2.516,-0.184,-0.649,-0.091
3000142,0,527997,145.91,W,1620,364.0,187.0,mastercard,227.0,credit,,18.0,10.42,aol.com,gmail.com,,0.951,0.614,0.645,-0.514
3000143,0,190170,43.01,R,1203,383.0,158.0,visa,259.0,debit,141.0,45.0,17.2,outlook.com,yahoo.com,,0.132,-0.608,-1.13,-0.261
3000144,0,680877,13.81,C,1262,571.0,149.0,mastercard,239.0,debit,243.0,33.0,6.48,,hotmail.com,-1.773,-1.537,0.087,0.329,0.026
3000145,0,92902,16.52,C,1790,407.0,154.0,visa,131.0,charge card,431.0,65.0,4.88,outlook.com,hotmail.com,,-1.045,0.994,-0.255,0.479
3000146,0,697315,14.0,C,1303,337.0,140.0,mastercard,223.0,charge card,,48.0,0.25,hotmail.com,yahoo.com,1.324,2.611,1.418,0.098,0.109
3000147,0,17963,112.61,C,1480,311.0,150.0,mastercard,140.0,charge card,447.0,,4.2,hotmail.com,aol.com,0.185,-1.198,-1.236,1.791,0.029
3000148,0,360318,51.49,W,1045,185.0,172.0,discover,166.0,debit,362.0,55.0,14.04,,outlook.com,1.08,0.289,0.302,-1.387,-1.974
3000149,0,292975,91.69,W,1728,,126.0,visa,186.0,credit,,41.0,6.0,gmail.com,hotmail.com,-0.336,1.282,0.265,0.32,-0.347
3000150,0,939863,130.7,R,1152,362.0,153.0,american express,214.0,charge card,246.0,11.0,4.89,hotmail.com,outlook.com,,2.339,0.211,1.19,-1.005
3000151,0,727112,27.33,C,1749,,162.0,,141.0,credit,144.0,46.0,11.91,,,0.935,0.281,0.001,0.875,-0.768
3000152,0,655449,108.66,H,1645,447.0,191.0,american express,145.0,debit,477.0,,,aol.com,yahoo.com,-0.352,0.457,0.184,0.402,-2.643
3000153,0,493179,238.06,C,1190,581.0,143.0,american express,261.0,charge card,127.0,98.0,6.23,aol.com,yahoo.com,-1.364,-1.271,-0.417,-0.893,-1.202
3000154,0,286699,36.72,R,1361,267.0,108.0,mastercard,149.0,charge card,,17.0,,gmail.com,outlook.com,-0.213,0.425,0.512,1.357,-0.456
3000155,0,852920,88.01,C,1775,380.0,184.0,american express,,,482.0,79.0,11.91,,aol.com,0.077,-0.092,1.441,-0.414,1.218
3000156,0,946330,223.93,W,1164,130.0,196.0,discover,209.0,charge card,,97.0,6.53,yahoo.com,outlook.com,0.781,-1.176,,1.965,-1.304
3000157,0,217212,106.98,S,1064,582.0,128.0,visa,169.0,charge card,137.0,20.0,7.45,,hotmail.com,-1.923,-1.242,1.422,-0.009,-1.851
3000158,0,244477,198.21,H,1448,507.0,108.0,mastercard,251.0,debit,174.0,64.0,9.01,,outlook.com,1.545,1.243,-1.278,1.009,-0.03
3000159,0,315183,180.21,R,1509,569.0,119.0,,,debit,150.0,52.0,0.86,,aol.com,0.65,1.044,-0.372,0.898,1.698
3000160,0,477038,94.29,C,1278,303.0,129.0,discover,208.0,credit,480.0,64.0,8.66,hotmail.com,,-0.218,2.704,-0.892,-0.496,
3000161,0,258141,73.03,W,1205,,186.0,mastercard,260.0,credit,179.0,74.0,,aol.com,gmail.com,-1.045,-0.404,0.658,-0.07,-0.39
3000162,0,404167,240.07,W,1336,465.0,111.0,visa,113.0,charge card,198.0,34.0,3.97,hotmail.com,outlook.com,-0.614,-2.145,-0.237,1.149,
3000163,0,978301,76.7,C,1075,167.0,153.0,american express,295.0,debit,,96.0,7.52,gmail.com,yahoo.com,0.46,2.058,0.562,,
3000164,1,367864,188.95,H,1119,313.0,102.0,mastercard,276.0,,432.0,84.0,10.41,hotmail.com,yahoo.com,0.46,0.603,-1.93,0.826,0.19
3000165,0,941006,82.2,R,1455,420.0,122.0,mastercard,207.0,debit,,37.0,8.57,hotmail.com,yahoo.com,0.394,1.73,-0.03,-0.248,
3000166,0,503011,123.43,W,1764,,102.0,american express,266.0,credit,442.0,85.0,15.03,outlook.com,hotmail.com,-1.588,-0.753,0.842,0.645,1.974
3000167,0,340686,57.84,W,1170,365.0,177.0,american express,138.0,charge card,126.0,82.0,10.4,aol.com,,-0.449,-0.451,-0.011,0.178,-0.911
3000168,0,935888,62.41,H,1013,588.0,100.0,mastercard,155.0,,296.0,15.0,12.62,aol.com,gmail.com,-0.013,1.533,-1.013,0.258,0.447
3000169,0,436002,77.89,R,1629,451.0,,,145.0,charge card,242.0,76.0,,aol.com,outlook.com,-0.205,-0.854,0.075,1.312,0.361
3000170,0,773911,82.57,C,1023,334.0,192.0,visa,200.0,,207.0,91.0,6.64,outlook.com,yahoo.com,-0.623,-0.096,1.605,-0.86,-0.177
3000171,0,314320,332.85,R,1369,235.0,171.0,,222.0,credit,251.0,20.0,18.05,aol.com,yahoo.com,,-0.045,0.951,-0.952,0.146
3000172,1,999107,105.74,W,1327,301.0,,mastercard,235.0,debit,297.0,98.0,1.73,yahoo.com,yahoo.com,,0.906,,-1.849,2.291
3000173,1,746509,9.29,S,1215,596.0,165.0,mastercard,129.0,debit,477.0,13.0,15.55,aol.com,outlook.com,-1.289,1.063,-0.88,3.042,-1.415
3000174,0,877446,28.75,R,1249,568.0,158.0,,177.0,,472.0,80.0,6.09,aol.com,outlook.com,1.269,-0.822,-0.016,-0.425,0.187
3000175,0,40014,361.9,R,1009,273.0,129.0,american express,269.0,charge card,346.0,16.0,13.08,outlook.com,gmail.com,-0.962,0.951,-0.564,1.139,0.91
3000176,0,107385,189.17,W,1284,373.0,166.0,mastercard,192.0,debit,166.0,48.0,3.44,outlook.com,hotmail.com,-0.945,-0.245,-0.169,-0.322,-1.007
3000177,0,67439,239.86,H,1553,599.0,164.0,american express,268.0,credit,284.0,,,hotmail.com,gmail.com,-1.007,-0.118,-0.947,,-1.263
3000178,0,531545,6.44,H,1789,224.0,151.0,american express,145.0,,412.0,42.0,11.34,hotmail.com,yahoo.com,0.814,0.154,-0.687,-0.794,-1.759
3000179,0,404038,96.84,H,1509,238.0,148.0,mastercard,244.0,charge card,250.0,71.0,-0.59,aol.com,outlook.com,0.501,0.971,1.321,,1.871
3000180,0,979057,179.26,C,1448,330.0,193.0,mastercard,122.0,credit,104.0,36.0,6.62,yahoo.com,yahoo.com,1.109,-0.099,,-0.798,0.503
3000181,0,245094,181.08,W,1644,,102.0,american express,294.0,credit,242.0,13.0,12.95,outlook.com,outlook.com,-0.777,0.507,0.681,-0.999,-0.683
3000182,0,168968,44.07,H,1441,502.0,181.0,discover,172.0,charge card,162.0,95.0,14.78,,outlook.com,-1.179,-0.783,-0.155,0.408,
3000183,0,845225,151.58,R,1306,440.0,197.0,discover,190.0,charge card,201.0,78.0,11.25,aol.com,aol.com,2.17,-1.465,-0.577,0.6,-0.345
3000184,0,302088,153.27,R,1421,364.0,169.0,mastercard,,credit,166.0,,7.01,hotmail.com,gmail.com,0.578,-1.142,0.719,0.374,0.331
3000185,0,741807,148.09,R,1731,229.0,126.0,visa,291.0,,383.0,61.0,9.54,outlook.com,aol.com,-2.501,0.279,,,
3000186,0,289695,59.4,S,1485,,167.0,american express,231.0,debit,286.0,88.0,3.41,hotmail.com,hotmail.com,-1.039,0.105,1.33,,0.646
3000187,0,545794,100.63,W,1018,303.0,138.0,mastercard,139.0,charge card,163.0,92.0,4.9,,gmail.com,0.079,0.181,,0.847,0.682
3000188,0,81266,67.76,H,1491,124.0,164.0,mastercard,164.0,charge card,120.0,57.0,10.89,outlook.com,outlook.com,1.504,-1.366,0.671,-0.711,1.403
3000189,0,661475,136.24,W,1735,,188.0,mastercard,,debit,,36.0,9.77,,aol.com,1.94,-0.778,-0.352,1.604,0.489
3000190,0,915843,251.08,C,1365,539.0,117.0,mastercard,149.0,charge card,438.0,52.0,,aol.com,hotmail.com,-1.063,0.052,-0.598,-0.512,0.72
3000191,0,692279,30.34,S,1611,476.0,169.0,american express,,charge card,410.0,88.0,10.68,gmail.com,,,0.75,-1.631,0.475,0.445
3000192,0,878935,244.36,W,1584,176.0,176.0,visa,214.0,charge card,406.0,55.0,12.66,hotmail.com,outlook.com,-0.18,0.545,0.074,0.204,1.159
3000193,0,781055,39.03,W,1081,558.0,116.0,,277.0,,303.0,93.0,9.3,yahoo.com,hotmail.com,-0.285,-0.318,-0.602,,0.58
3000194,0,566922,47.24,R,1015,453.0,171.0,american express,126.0,charge card,132.0,18.0,12.81,gmail.com,aol.com,-0.403,-0.711,2.163,1.043,-0.239
3000195,0,927502,230.84,S,1789,375.0,164.0,american express,101.0,charge card,276.0,53.0,21.88,gmail.com,aol.com,-1.225,-1.543,-0.547,-1.396,-0.591
3000196,0,479190,94.08,H,1636,332.0,135.0,mastercard,180.0,credit,184.0,,5.0,outlook.com,outlook.com,,-0.528,-0.629,-0.065,-0.581
3000197,0,149736,80.64,C,1071,581.0,102.0,mastercard,271.0,,353.0,44.0,10.51,gmail.com,gmail.com,-0.345,,-0.946,-1.201,0.093
3000198,0,555735,154.95,H,1094,552.0,140.0,visa,,debit,,,7.57,aol.com,,0.48,-0.219,-0.102,0.441,-0.829
3000199,0,626130,91.3,W,1600,240.0,174.0,american express,174.0,debit,126.0,,12.3,,aol.com,-1.398,-0.568,-0.566,-1.818,-0.071
3000200,0,176185,114.62,S,1537,343.0,169.0,visa,177.0,,434.0,12.0,12.14,hotmail.com,aol.com,,0.289,-1.755,0.662,-0.781
3000201,0,143622,299.01,S,1195,404.0,160.0,,272.0,debit,133.0,82.0,5.9,outlook.com,aol.com,-0.362,2.832,1.103,-0.621,0.04
3000202,0,663470,31.68,W,1674,352.0,180.0,,111.0,charge card,254.0,65.0,10.66,outlook.com,outlook.com,0.828,-0.474,0.473,0.923,
3000203,0,443131,38.7,H,1552,478.0,166.0,discover,271.0,charge card,137.0,,10.94,outlook.com,yahoo.com,-0.975,-1.002,1.653,-0.387,0.231
3000204,0,481202,107.22,H,1702,130.0,125.0,mastercard,132.0,credit,198.0,71.0,9.37,gmail.com,,-1.197,-1.755,0.686,1.589,1.159
3000205,0,786285,44.13,R,1669,141.0,156.0,mastercard,,charge card,216.0,66.0,11.47,aol.com,yahoo.com,1.156,-2.093,0.023,-0.22,0.054
3000206,0,685350,51.6,R,1183,186.0,122.0,mastercard,173.0,debit,431.0,43.0,16.75,gmail.com,gmail.com,0.594,0.412,0.959,-0.337,-1.758
3000207,0,894697,45.92,S,1094,493.0,135.0,discover,212.0,debit,262.0,27.0,,outlook.com,hotmail.com,-1.978,0.338,-0.028,,0.66
3000208,0,167303,297.31,H,1581,326.0,165.0,visa,260.0,charge card,448.0,50.0,8.69,hotmail.com,yahoo.com,0.514,-0.64,1.138,-0.424,0.121
3000209,0,759228,222.19,H,1259,509.0,165.0,discover,124.0,credit,225.0,11.0,11.15,yahoo.com,aol.com,-1.636,0.401,0.017,-1.455,0.236
3000210,0,540539,74.86,W,1650,323.0,175.0,discover,225.0,,273.0,47.0,19.8,gmail.com,aol.com,0.469,0.6,0.279,0.151,
3000211,0,35409,117.13,R,1716,381.0,145.0,mastercard,160.0,charge card,,83.0,6.95,gmail.com,,0.804,-0.805,-1.771,-1.755,-0.716
3000212,0,70524,163.72,H,1292,323.0,155.0,mastercard,188.0,charge card,163.0,46.0,15.5,outlook.com,hotmail.com,0.013,0.268,-0.397,-0.123,-1.387
3000213,0,359412,188.78,H,1381,561.0,174.0,american express,170.0,charge card,377.0,80.0,6.72,outlook.com,aol.com,-0.325,0.871,0.351,-0.532,0.464
3000214,0,639819,33.12,C,1286,205.0,147.0,visa,146.0,debit,377.0,14.0,,hotmail.com,yahoo.com,-0.174,-1.539,0.143,-0.381,0.791
3000215,0,163057,96.12,H,1122,449.0,103.0,,229.0,,419.0,40.0,6.61,outlook.com,yahoo.com,-0.059,-0.155,-0.062,-0.863,-1.722
3000216,0,544610,65.41,S,1508,445.0,149.0,discover,,,171.0,48.0,11.66,outlook.com,aol.com,-0.843,0.074,1.169,-0.332,
3000217,0,998802,165.36,W,1069,283.0,126.0,discover,167.0,debit,,35.0,8.83,yahoo.com,aol.com,0.438,-1.874,1.197,-0.156,-1.976
3000218,0,142755,89.84,S,1050,420.0,138.0,mastercard,112.0,credit,221.0,69.0,6.55,gmail.com,hotmail.com,-0.612,2.495,-1.239,0.149,-1.736
3000219,0,144016,73.51,H,1098,,115.0,american express,198.0,credit,381.0,86.0,6.14,aol.com,gmail.com,-1.761,1.096,,1.42,0.917
3000220,0,966105,21.25,H,1694,577.0,134.0,american express,222.0,credit,226.0,75.0,5.26,yahoo.com,hotmail.com,,1.966,0.491,-0.359,-0.171
3000221,0,244315,37.2,S,1084,359.0,151.0,mastercard,172.0,credit,118.0,43.0,4.76,gmail.com,gmail.com,1.823,-1.505,2.105,0.713,1.452
3000222,0,874582,51.18,W,1138,334.0,143.0,american express,208.0,,138.0,61.0,,hotmail.com,gmail.com,,-0.061,0.318,0.851,
3000223,0,357220,142.1,H,1285,441.0,162.0,visa,224.0,credit,233.0,,-2.27,outlook.com,hotmail.com,-0.169,1.211,-0.43,0.788,0.122
3000224,0,756230,47.95,H,1081,345.0,178.0,visa,206.0,credit,422.0,49.0,12.08,outlook.com,hotmail.com,-0.748,-0.506,-0.081,-0.22,0.967
3000225,1,60887,57.56,H,1621,594.0,121.0,mastercard,130.0,charge card,260.0,67.0,11.38,yahoo.com,outlook.com,-0.52,2.164,1.232,1.986,0.904
3000226,0,632792,92.73,C,1605,388.0,178.0,discover,107.0,charge card,296.0,21.0,10.45,yahoo.com,outlook.com,1.374,-1.13,-2.403,-1.459,1.944
3000227,0,870385,64.89,S,1362,448.0,,discover,177.0,credit,349.0,98.0,14.43,,gmail.com,0.784,-0.028,0.986,-0.594,0.418
3000228,0,338178,99.11,S,1024,377.0,130.0,discover,242.0,charge card,126.0,53.0,7.03,aol.com,yahoo.com,-0.867,-0.379,1.174,0.296,0.444
3000229,0,636361,237.71,H,1078,488.0,137.0,american express,275.0,debit,273.0,64.0,9.91,outlook.com,,0.252,-1.71,-0.164,,0.427
3000230,0,214975,52.77,R,1310,120.0,146.0,american express,238.0,charge card,265.0,71.0,-2.83,aol.com,hotmail.com,1.543,-0.249,1.146,0.129,0.706
3000231,0,159749,99.53,R,1282,508.0,101.0,american express,157.0,credit,,16.0,10.87,gmail.com,gmail.com,0.099,-0.002,-0.719,,0.305
3000232,0,493,52.07,H,1580,205.0,170.0,american express,276.0,debit,323.0,38.0,7.97,aol.com,hotmail.com,0.149,-1.113,-1.075,-0.068,-0.013
3000233,0,498269,96.85,R,1386,200.0,172.0,visa,197.0,charge card,,28.0,12.9,yahoo.com,yahoo.com,-0.549,-0.503,-1.594,,-0.19
3000234,0,521357,38.71,R,1045,,150.0,discover,299.0,charge card,360.0,71.0,14.09,outlook.com,aol.com,,0.99,-0.177,0.467,0.679
3000235,0,78670,30.7,H,1358,118.0,111.0,american express,255.0,credit,329.0,38.0,,outlook.com,yahoo.com,0.919,0.892,0.41,-0.372,-0.462
3000236,0,227787,121.44,R,1455,208.0,120.0,american express,,debit,403.0,64.0,3.72,hotmail.com,aol.com,0.682,0.481,0.151,-0.581,
3000237,0,610980,137.36,H,1513,137.0,,american express,238.0,charge card,193.0,97.0,11.57,hotmail.com,outlook.com,0.767,0.747,-1.359,-1.746,0.954
3000238,0,364369,33.9,W,1030,331.0,106.0,,208.0,,112.0,29.0,14.07,hotmail.com,aol.com,1.319,1.351,,0.621,-0.269
3000239,0,231663,28.28,W,1544,332.0,128.0,discover,193.0,charge card,463.0,28.0,14.39,yahoo.com,aol.com,-0.052,-0.168,0.561,1.673,-0.334
3000240,0,6478,21.99,C,1107,,134.0,discover,146.0,charge card,285.0,98.0,7.33,hotmail.com,gmail.com,-0.385,-0.727,0.438,-1.023,0.311
3000241,0,38639,48.41,W,1598,582.0,146.0,mastercard,114.0,charge card,441.0,36.0,5.38,aol.com,hotmail.com,0.478,0.118,1.429,-0.641,-0.503
3000242,0,637990,369.41,C,1601,108.0,101.0,american express,264.0,charge card,369.0,42.0,8.57,aol.com,aol.com,-1.214,0.171,-1.049,1.277,-0.936
3000243,0,115238,26.72,C,1428,323.0,124.0,,273.0,,290.0,14.0,,gmail.com,aol.com,-1.96,-0.664,0.361,-1.259,0.934
3000244,0,845039,184.47,H,1617,264.0,175.0,visa,143.0,,466.0,,-0.69,gmail.com,outlook.com,,0.258,-0.164,-1.01,1.166
3000245,0,555263,20.8,S,1023,,133.0,visa,283.0,debit,397.0,37.0,11.66,gmail.com,aol.com,-0.619,0.335,0.083,0.465,
3000246,0,251492,180.57,C,1293,,177.0,american express,,charge card,,20.0,12.02,gmail.com,gmail.com,,1.11,-0.565,0.009,-0.206
3000247,0,636980,42.27,C,1615,246.0,,mastercard,258.0,credit,127.0,85.0,13.08,yahoo.com,aol.com,0.123,-0.958,0.035,0.612,0.511
3000248,0,161013,188.74,C,1718,275.0,179.0,visa,128.0,charge card,402.0,97.0,5.65,hotmail.com,yahoo.com,0.762,1.301,-1.367,-1.444,1.234
3000249,0,324801,61.93,C,1626,171.0,135.0,discover,253.0,,340.0,36.0,9.66,outlook.com,yahoo.com,-0.628,-0.183,-0.603,0.731,0.765
3000250,0,496612,317.88,W,1760,452.0,146.0,discover,149.0,charge card,462.0,13.0,3.89,outlook.com,gmail.com,-2.02,-1.432,,-0.699,
3000251,0,643452,162.04,S,1583,303.0,179.0,,276.0,debit,337.0,76.0,,outlook.com,gmail.com,-1.71,,-0.586,1.11,-0.402
3000252,0,137761,134.53,H,1429,337.0,161.0,mastercard,198.0,credit,445.0,96.0,12.14,gmail.com,hotmail.com,-0.907,0.553,-0.321,0.788,0.229
3000253,0,352066,103.48,W,1350,522.0,131.0,discover,274.0,credit,474.0,98.0,0.87,outlook.com,outlook.com,-0.202,0.147,,-0.546,1.069
3000254,0,91892,24.73,S,1285,573.0,174.0,,181.0,credit,327.0,35.0,8.14,,outlook.com,,-1.162,0.531,1.084,-1.107
3000255,0,130659,63.71,C,1709,,,mastercard,194.0,charge card,387.0,,21.38,outlook.com,gmail.com,0.522,0.892,1.211,-0.235,0.927
3000256,0,223802,138.24,C,1501,543.0,133.0,visa,,,333.0,36.0,15.79,hotmail.com,outlook.com,2.099,-1.052,-0.792,-1.023,0.248
3000257,0,315210,37.03,C,1077,369.0,121.0,american express,,charge card,107.0,33.0,13.14,,outlook.com,-0.989,-1.093,-0.241,-0.444,-0.589
3000258,0,908084,76.77,W,1785,506.0,161.0,,207.0,charge card,493.0,43.0,12.81,outlook.com,hotmail.com,1.068,-0.066,-1.275,-1.382,0.624
3000259,0,395268,38.05,W,1592,,112.0,visa,191.0,charge card,297.0,43.0,8.85,aol.com,yahoo.com,-0.159,0.99,0.441,-0.254,0.472
3000260,0,109343,121.14,C,1757,573.0,114.0,discover,123.0,charge card,466.0,43.0,6.93,hotmail.com,,0.202,0.045,0.067,-0.989,-0.582
3000261,0,912638,314.61,H,1477,493.0,131.0,visa,126.0,debit,480.0,11.0,19.75,aol.com,gmail.com,-0.305,0.129,0.181,,-0.166
3000262,0,569491,72.41,S,1575,328.0,,,160.0,debit,207.0,65.0,,,gmail.com,1.134,-0.935,-1.067,-1.056,-0.793
3000263,0,115661,121.22,C,1560,312.0,103.0,american express,138.0,credit,154.0,13.0,6.95,gmail.com,yahoo.com,0.901,0.964,0.669,1.219,-0.211
3000264,0,82477,55.39,W,1546,176.0,142.0,discover,285.0,charge card,139.0,62.0,13.13,gmail.com,yahoo.com,1.56,-0.365,-1.181,0.724,-1.094
3000265,0,86164,98.01,R,1053,251.0,147.0,discover,237.0,charge card,363.0,91.0,9.58,gmail.com,gmail.com,2.174,0.635,-1.252,-1.653,-1.437
3000266,0,910713,30.97,C,1777,563.0,106.0,american express,266.0,credit,471.0,64.0,16.27,aol.com,,-1.291,2.921,-0.543,-0.153,0.852
3000267,0,561502,163.78,C,1774,478.0,170.0,discover,247.0,debit,244.0,97.0,6.77,aol.com,aol.com,-0.034,0.236,-0.897,,-1.561
3000268,0,680148,120.46,W,1373,249.0,142.0,discover,117.0,charge card,366.0,,5.83,aol.com,hotmail.com,0.992,-1.055,0.535,-0.621,-1.375
3000269,0,963392,387.16,W,1024,141.0,142.0,mastercard,238.0,charge card,264.0,49.0,7.92,hotmail.com,outlook.com,1.109,-1.471,0.1,-0.208,-0.984
3000270,0,401277,171.32,C,1679,353.0,,mastercard,174.0,charge card,360.0,82.0,17.77,,aol.com,0.649,-1.004,-0.763,,2.12
3000271,0,907255,87.81,S,1141,488.0,122.0,mastercard,215.0,debit,465.0,,14.49,outlook.com,hotmail.com,-0.608,,0.971,-0.18,-1.475
3000272,0,403084,171.53,W,1075,217.0,168.0,mastercard,139.0,debit,349.0,38.0,11.22,outlook.com,hotmail.com,2.182,0.28,0.629,-1.215,-0.434
3000273,0,700244,106.22,W,1413,577.0,132.0,mastercard,130.0,,432.0,28.0,10.39,outlook.com,yahoo.com,-0.817,1.377,-0.273,-0.928,-0.7
3000274,0,826671,90.34,H,1512,384.0,162.0,american express,,credit,172.0,21.0,11.64,hotmail.com,outlook.com,1.074,0.02,-0.811,-0.534,0.804
3000275,0,66751,179.3,C,1458,151.0,181.0,discover,175.0,debit,240.0,45.0,5.18,hotmail.com,aol.com,-0.32,-0.307,-1.076,2.233,-0.744
3000276,0,734239,15.34,W,1292,549.0,125.0,visa,191.0,debit,457.0,70.0,12.46,aol.com,hotmail.com,-0.171,0.649,0.229,-0.518,1.257
3000277,0,806401,15.18,H,1142,490.0,124.0,american express,290.0,debit,368.0,70.0,,gmail.com,yahoo.com,1.009,-0.868,,1.42,-0.01
3000278,0,968955,85.7,W,1456,384.0,108.0,american express,202.0,charge card,133.0,38.0,11.12,gmail.com,yahoo.com,-0.735,-0.245,0.253,-1.47,1.349
3000279,0,683375,102.94,C,1229,111.0,133.0,visa,290.0,,208.0,36.0,10.09,yahoo.com,,0.913,0.946,0.322,-0.499,0.331
3000280,0,488193,219.48,W,1301,123.0,,american express,149.0,charge card,340.0,30.0,11.48,outlook.com,gmail.com,,,0.245,-0.418,-0.038
3000281,0,143931,100.89,R,1732,,168.0,american express,158.0,charge card,321.0,69.0,7.73,hotmail.com,outlook.com,-0.946,-0.379,-0.709,-0.464,-1.24
3000282,0,767944,81.15,H,1440,160.0,157.0,discover,155.0,charge card,282.0,42.0,14.68,gmail.com,aol.com,0.034,-0.382,0.3,0.248,-0.592
3000283,0,464944,170.98,C,1257,246.0,124.0,visa,174.0,credit,173.0,63.0,11.76,yahoo.com,outlook.com,0.347,-0.501,,0.388,-0.156
3000284,0,806977,123.46,H,1013,102.0,196.0,mastercard,116.0,debit,399.0,,6.22,aol.com,yahoo.com,0.789,0.307,-2.207,-0.192,-0.298
3000285,0,49323,101.56,R,1356,599.0,192.0,mastercard,136.0,debit,412.0,96.0,12.17,hotmail.com,outlook.com,,1.584,,-1.362,0.592
3000286,0,346002,313.69,C,1555,342.0,,discover,124.0,charge card,,69.0,8.34,hotmail.com,hotmail.com,-1.308,0.073,1.067,0.157,-0.039
3000287,0,801876,102.55,C,1089,126.0,117.0,,171.0,debit,155.0,82.0,11.9,aol.com,aol.com,-0.707,-1.193,0.324,-0.066,0.832
3000288,0,610236,131.04,H,1168,451.0,147.0,american express,183.0,charge card,308.0,15.0,14.18,outlook.com,aol.com,-0.672,,-0.478,0.632,-0.156
3000289,0,718634,115.77,R,1455,328.0,102.0,visa,189.0,charge card,127.0,40.0,,aol.com,yahoo.com,,,-0.56,-0.931,-0.292
3000290,0,590658,20.33,H,1182,374.0,,mastercard,289.0,debit,408.0,85.0,9.87,yahoo.com,gmail.com,2.063,1.2,0.337,1.245,0.886
3000291,0,804628,27.73,W,1560,321.0,,discover,,debit,107.0,61.0,10.36,aol.com,outlook.com,-0.395,0.872,-0.427,0.29,0.308
3000292,0,830550,29.31,C,1622,478.0,,american express,143.0,debit,,61.0,10.22,hotmail.com,yahoo.com,-0.233,-0.365,-1.562,-1.253,0.836
3000293,0,760415,81.26,W,1592,188.0,154.0,discover,281.0,charge card,430.0,53.0,20.01,gmail.com,hotmail.com,,-1.059,,0.783,0.411
3000294,0,662988,128.51,C,1730,205.0,146.0,discover,172.0,credit,466.0,14.0,11.76,outlook.com,yahoo.com,-0.831,,2.275,-1.023,-0.513
3000295,0,267258,213.24,R,1186,588.0,156.0,discover,115.0,,375.0,55.0,4.44,outlook.com,aol.com,0.99,-0.289,,-0.734,0.238
3000296,0,75845,9.28,H,1315,453.0,139.0,discover,219.0,debit,188.0,68.0,10.59,aol.com,aol.com,0.211,0.131,-0.006,-0.318,0.448
3000297,0,789740,68.37,S,1295,218.0,,american express,187.0,debit,364.0,58.0,7.36,hotmail.com,aol.com,-0.622,,,0.256,0.132
3000298,0,351342,314.81,C,1493,216.0,158.0,discover,201.0,charge card,378.0,71.0,22.02,outlook.com,yahoo.com,-0.26,,0.299,2.278,1.494
3000299,0,249171,370.7,S,1523,550.0,178.0,visa,114.0,,465.0,,6.95,gmail.com,yahoo.com,,-1.761,,-0.26,-2.044
3000300,1,3098,152.34,R,1123,326.0,134.0,american express,253.0,debit,414.0,13.0,4.62,aol.com,gmail.com,0.367,-1.504,0.048,0.501,0.261
3000301,0,137896,361.88,S,1778,371.0,184.0,visa,171.0,debit,381.0,13.0,,outlook.com,yahoo.com,0.928,-0.727,-0.427,0.434,0.13
3000302,0,35632,58.03,W,1285,412.0,196.0,visa,,credit,490.0,93.0,7.5,aol.com,aol.com,1.344,-0.115,-0.241,-0.279,0.982
3000303,0,390390,23.89,R,1615,456.0,148.0,american express,,charge card,116.0,23.0,8.19,,yahoo.com,-0.448,0.322,-0.104,-1.545,-0.483
3000304,0,296065,78.3,S,1121,232.0,184.0,discover,137.0,debit,286.0,38.0,8.92,gmail.com,aol.com,-0.939,-0.837,1.59,0.014,0.272
3000305,0,497840,110.9,H,1175,471.0,181.0,american express,120.0,,128.0,31.0,6.75,outlook.com,aol.com,-0.427,1.176,,-2.056,-0.674
3000306,0,573273,203.08,C,1712,573.0,186.0,visa,273.0,debit,312.0,45.0,,gmail.com,hotmail.com,0.181,,0.694,0.349,-1.491
3000307,0,285822,157.21,H,1052,437.0,180.0,visa,215.0,charge card,121.0,94.0,-0.71,gmail.com,,-0.568,0.759,1.671,-1.471,-0.999
3000308,0,534966,111.81,S,1307,263.0,194.0,visa,,debit,409.0,,9.58,aol.com,aol.com,0.362,,-0.534,0.276,1.333
3000309,0,605783,88.08,H,1262,504.0,117.0,discover,214.0,charge card,142.0,92.0,13.25,outlook.com,hotmail.com,-1.189,1.153,-0.807,1.016,-1.402
3000310,0,672389,89.86,R,1537,182.0,174.0,american express,113.0,credit,427.0,92.0,19.26,hotmail.com,hotmail.com,0.004,,-2.241,-0.753,0.379
3000311,0,602504,21.31,S,1423,,114.0,visa,213.0,charge card,143.0,69.0,,aol.com,gmail.com,0.374,,0.805,0.574,-1.451
3000312,0,33795,40.36,S,1283,458.0,146.0,mastercard,155.0,charge card,447.0,86.0,14.17,yahoo.com,hotmail.com,-0.811,0.52,0.392,,0.743
3000313,0,239818,50.48,C,1217,170.0,113.0,american express,,credit,202.0,90.0,6.56,gmail.com,hotmail.com,0.803,0.852,-1.245,-1.099,
3000314,0,794105,153.67,R,1454,,186.0,american express,284.0,credit,337.0,12.0,17.29,hotmail.com,hotmail.com,1.697,-1.201,0.503,-2.124,0.114
3000315,0,622567,143.39,R,1631,144.0,108.0,american express,223.0,charge card,227.0,,21.13,aol.com,gmail.com,-3.055,,-0.328,-0.648,-0.556
3000316,0,295772,90.39,W,1292,184.0,129.0,mastercard,,credit,387.0,93.0,11.78,hotmail.com,gmail.com,-0.765,-0.6,,,
3000317,0,357253,22.38,H,1205,326.0,177.0,discover,152.0,charge card,322.0,65.0,8.48,gmail.com,aol.com,-0.159,1.113,,,0.306
3000318,0,929223,91.18,W,1722,381.0,105.0,visa,159.0,credit,,28.0,10.41,gmail.com,yahoo.com,0.803,0.221,0.592,-0.034,-0.368
3000319,0,734689,215.27,C,1099,,138.0,mastercard,152.0,credit,285.0,33.0,17.77,,outlook.com,-0.988,-0.102,-0.082,0.197,-2.085
3000320,0,374588,154.18,H,1782,537.0,173.0,discover,100.0,,189.0,53.0,4.07,hotmail.com,yahoo.com,0.192,-1.47,-0.439,0.691,0.69
3000321,0,290418,141.18,W,1481,395.0,114.0,discover,255.0,,,,16.45,yahoo.com,hotmail.com,,-1.425,0.951,1.143,0.031
3000322,0,129096,62.47,H,1407,492.0,198.0,mastercard,240.0,,263.0,34.0,5.3,outlook.com,aol.com,0.326,0.368,-1.128,0.374,-0.148
3000323,0,798793,44.53,S,1608,570.0,154.0,,134.0,debit,,12.0,,,hotmail.com,-0.531,-1.111,0.295,-0.856,-0.475
3000324,0,629667,113.89,H,1410,406.0,117.0,,281.0,credit,441.0,35.0,11.51,yahoo.com,hotmail.com,-0.56,0.984,0.881,-0.321,-3.456
3000325,0,415111,201.1,W,1163,357.0,129.0,american express,,charge card,496.0,93.0,,hotmail.com,outlook.com,0.27,-0.895,1.337,-1.629,-0.18
3000326,0,692644,73.71,H,1079,,148.0,visa,246.0,charge card,135.0,59.0,14.94,gmail.com,,0.481,0.176,-1.521,0.645,-0.413
3000327,0,553240,124.45,S,1267,184.0,104.0,,279.0,charge card,,39.0,17.2,gmail.com,hotmail.com,0.407,0.751,,2.043,0.474
3000328,0,532006,207.9,S,1321,176.0,148.0,american express,122.0,debit,367.0,91.0,4.65,gmail.com,hotmail.com,0.038,0.57,-0.265,-1.367,0.237
3000329,0,673346,45.0,S,1207,158.0,141.0,american express,213.0,debit,100.0,97.0,10.56,outlook.com,gmail.com,-2.156,-0.028,-0.24,0.507,
3000330,0,765023,69.66,W,1565,350.0,136.0,visa,,charge card,305.0,78.0,13.99,yahoo.com,outlook.com,-0.815,2.217,0.864,0.705,0.501
3000331,0,518377,19.88,W,1023,365.0,182.0,american express,156.0,credit,267.0,12.0,11.55,yahoo.com,outlook.com,,-0.084,0.204,2.981,-0.213
3000332,0,411894,37.41,R,1636,530.0,184.0,visa,106.0,debit,104.0,12.0,,hotmail.com,hotmail.com,0.186,0.442,-2.611,2.031,0.197
3000333,0,257618,12.03,H,1546,471.0,170.0,,187.0,credit,219.0,56.0,10.4,gmail.com,yahoo.com,0.56,-0.341,0.672,,-0.17
3000334,0,302408,75.68,R,1549,230.0,187.0,visa,272.0,charge card,,52.0,8.76,hotmail.com,hotmail.com,-0.619,1.056,-1.08,1.006,0.554
3000335,0,979381,179.39,C,1040,503.0,198.0,visa,202.0,debit,410.0,94.0,-0.78,yahoo.com,aol.com,0.723,1.258,0.516,,0.629
3000336,0,185117,122.91,W,1279,487.0,166.0,mastercard,196.0,charge card,,87.0,0.99,gmail.com,yahoo.com,1.588,1.238,-0.588,-1.755,0.47
3000337,0,96056,98.36,C,1489,477.0,147.0,discover,239.0,debit,123.0,14.0,,outlook.com,gmail.com,,0.309,-0.736,0.151,1.56
3000338,0,616693,121.78,S,1584,379.0,163.0,mastercard,110.0,credit,142.0,73.0,4.57,hotmail.com,gmail.com,0.805,0.989,-0.016,-0.257,1.12
3000339,0,324924,23.32,S,1501,,196.0,discover,287.0,charge card,449.0,98.0,,hotmail.com,hotmail.com,-0.41,-1.037,,1.668,0.496
3000340,0,95473,34.8,S,1341,368.0,170.0,mastercard,228.0,,167.0,,13.4,gmail.com,aol.com,-0.994,-0.386,-0.968,-0.231,-0.444
3000341,0,549112,115.58,S,1424,537.0,138.0,american express,185.0,charge card,347.0,,9.62,outlook.com,gmail.com,0.498,0.691,1.186,0.482,-0.263
3000342,0,749211,50.55,R,1587,510.0,189.0,,231.0,credit,486.0,39.0,15.16,gmail.com,aol.com,,-2.265,-0.592,1.481,0.095
3000343,0,28701,51.45,H,1033,370.0,148.0,visa,141.0,charge card,449.0,35.0,7.03,outlook.com,hotmail.com,1.072,-1.647,0.372,1.021,0.092
3000344,0,487683,74.13,S,1117,122.0,110.0,american express,106.0,credit,154.0,19.0,13.09,gmail.com,,-0.335,0.728,1.711,-1.244,-0.793
3000345,0,154913,39.67,R,1029,441.0,174.0,mastercard,161.0,debit,232.0,96.0,9.58,,hotmail.com,-1.035,0.193,-0.4,-0.018,-1.07
3000346,0,574223,89.43,H,1655,202.0,,discover,154.0,charge card,235.0,48.0,2.9,outlook.com,gmail.com,-1.024,-0.275,0.238,0.372,0.493
3000347,0,799264,333.78,S,1412,101.0,145.0,american express,289.0,charge card,468.0,81.0,0.35,gmail.com,,0.229,-0.212,0.65,0.531,0.083
3000348,0,803258,92.58,W,1434,476.0,112.0,mastercard,297.0,credit,446.0,21.0,9.24,hotmail.com,hotmail.com,-2.006,1.543,0.821,-0.241,0.142
3000349,0,783814,63.4,R,1392,345.0,116.0,,142.0,charge card,124.0,34.0,18.17,yahoo.com,gmail.com,1.293,0.48,0.954,0.976,-1.71
3000350,0,294692,126.76,W,1688,,188.0,discover,164.0,charge card,260.0,18.0,15.89,yahoo.com,gmail.com,-0.455,-0.367,0.122,-0.722,-1.682
3000351,0,636966,112.66,S,1012,143.0,171.0,visa,150.0,charge card,387.0,92.0,12.51,gmail.com,outlook.com,-0.042,-1.517,0.053,-0.423,0.282
3000352,0,649312,12.35,R,1067,574.0,136.0,visa,164.0,debit,309.0,67.0,14.09,aol.com,outlook.com,-0.316,0.13,0.195,1.47,1.016
3000353,0,901799,340.25,H,1008,206.0,191.0,mastercard,106.0,credit,144.0,31.0,14.61,hotmail.com,yahoo.com,1.537,-1.174,-0.463,-0.272,1.047
3000354,0,695272,80.72,S,1524,,190.0,discover,170.0,credit,228.0,26.0,8.97,hotmail.com,hotmail.com,-1.374,-0.199,-1.761,-1.388,0.513
3000355,0,755523,26.14,W,1618,250.0,135.0,american express,,credit,461.0,86.0,16.62,yahoo.com,,0.679,-0.778,0.311,1.429,0.762
3000356,0,98410,153.91,R,1497,238.0,135.0,american express,,debit,107.0,26.0,11.47,yahoo.com,aol.com,0.38,1.312,0.024,-1.288,-1.461
3000357,1,298785,143.17,H,1259,386.0,,american express,194.0,credit,223.0,84.0,7.67,yahoo.com,aol.com,1.148,-0.733,2.587,-0.688,
3000358,0,368428,353.97,S,1523,400.0,198.0,american express,107.0,charge card,,85.0,29.17,,aol.com,0.825,-0.03,-0.458,0.259,0.517
3000359,0,644866,23.7,S,1573,,130.0,american express,264.0,charge card,345.0,,,hotmail.com,gmail.com,-1.1,1.46,-1.191,0.814,-2.273
3000360,0,869143,214.86,S,1597,455.0,193.0,american express,188.0,credit,388.0,75.0,,outlook.com,aol.com,-1.676,-2.298,-0.625,0.782,1.291
3000361,1,340083,172.04,S,1158,456.0,168.0,,228.0,credit,221.0,,13.96,hotmail.com,outlook.com,-2.227,-0.537,-0.54,1.009,1.244
3000362,0,497004,28.85,R,1109,587.0,189.0,visa,273.0,charge card,284.0,31.0,4.21,,hotmail.com,-0.377,-1.647,0.488,0.799,-0.376
3000363,0,749844,232.15,H,1212,297.0,,american express,230.0,credit,357.0,37.0,4.16,hotmail.com,outlook.com,0.422,1.648,-0.483,0.609,-1.204
3000364,0,193527,59.12,C,1597,374.0,121.0,american express,130.0,charge card,323.0,20.0,19.63,aol.com,aol.com,0.092,0.451,0.531,,1.356
3000365,0,384794,29.35,W,1718,208.0,122.0,visa,236.0,debit,282.0,,13.25,aol.com,,-0.475,-0.075,-0.579,-0.279,0.105
3000366,0,195206,127.87,W,1535,587.0,,discover,205.0,debit,,,4.85,aol.com,aol.com,0.438,0.181,-0.521,-0.533,
3000367,0,153244,21.8,S,1158,577.0,189.0,visa,191.0,debit,201.0,48.0,2.16,outlook.com,hotmail.com,,0.811,0.138,2.304,-0.714
3000368,0,692511,85.48,S,1552,579.0,197.0,american express,257.0,credit,110.0,97.0,9.62,aol.com,outlook.com,1.203,0.618,0.079,0.918,
3000369,0,876456,82.81,R,1326,430.0,101.0,,159.0,debit,129.0,22.0,4.98,gmail.com,outlook.com,1.423,0.149,,0.298,-0.464
3000370,0,149218,128.79,C,1427,279.0,169.0,,156.0,credit,459.0,96.0,16.64,outlook.com,hotmail.com,1.164,1.014,0.426,1.214,1.655
3000371,0,690405,99.75,W,1398,267.0,183.0,,103.0,credit,467.0,57.0,0.6,hotmail.com,gmail.com,0.668,0.43,-0.232,,
3000372,1,694286,112.58,S,1299,381.0,147.0,american express,217.0,,304.0,,16.14,aol.com,outlook.com,1.704,2.064,1.863,0.631,0.823
3000373,0,744678,8.79,C,1569,161.0,186.0,mastercard,,credit,288.0,62.0,5.04,yahoo.com,gmail.com,-1.508,-1.091,-0.213,0.274,1.175
3000374,0,702307,68.41,C,1122,245.0,134.0,visa,266.0,,240.0,74.0,3.88,yahoo.com,hotmail.com,-1.125,-0.312,0.291,0.627,
3000375,0,559598,74.3,C,1256,344.0,109.0,american express,102.0,debit,241.0,75.0,10.26,outlook.com,aol.com,-0.039,0.829,-0.951,,0.623
3000376,0,115387,98.76,H,1548,460.0,140.0,mastercard,125.0,charge card,414.0,68.0,3.77,gmail.com,yahoo.com,-0.061,0.887,0.504,,-0.641
3000377,0,782941,58.69,S,1519,485.0,101.0,mastercard,142.0,debit,407.0,44.0,,outlook.com,outlook.com,,-0.493,-0.559,0.29,1.343
3000378,0,194949,268.85,S,1085,368.0,186.0,visa,117.0,debit,,91.0,7.26,outlook.com,hotmail.com,0.458,1.406,0.154,0.655,0.138
3000379,0,447873,64.18,W,1177,356.0,164.0,,175.0,credit,381.0,,-2.01,yahoo.com,yahoo.com,-0.384,1.014,0.821,0.075,-0.604
3000380,0,953028,111.35,S,1634,580.0,187.0,,208.0,debit,,44.0,4.11,outlook.com,outlook.com,1.592,,-1.335,-0.202,0.061
3000381,0,565793,144.5,S,1545,254.0,158.0,visa,,debit,428.0,75.0,11.68,outlook.com,gmail.com,,-0.234,-2.065,0.254,1.223
3000382,0,289855,105.03,R,1264,385.0,110.0,,258.0,credit,126.0,44.0,-0.31,aol.com,gmail.com,,1.303,-0.287,-0.009,-0.144
3000383,1,62564,34.54,W,1016,156.0,117.0,discover,176.0,credit,405.0,42.0,3.2,outlook.com,outlook.com,-0.493,-0.037,0.082,-1.081,-1.495
3000384,0,257323,63.14,H,1074,434.0,182.0,discover,185.0,debit,278.0,98.0,,yahoo.com,gmail.com,-0.791,0.43,0.501,-0.026,-0.967
3000385,0,555069,104.29,H,1149,211.0,143.0,american express,143.0,credit,453.0,18.0,14.52,outlook.com,gmail.com,-1.549,0.846,1.211,-0.714,1.266
3000386,0,850845,46.38,W,1427,,140.0,mastercard,270.0,debit,123.0,31.0,14.52,aol.com,aol.com,,-0.39,-0.456,-1.231,-0.102
3000387,0,814603,140.39,C,1048,495.0,109.0,american express,250.0,charge card,414.0,88.0,17.35,gmail.com,gmail.com,-1.073,-0.275,-0.366,0.438,-0.92
3000388,0,212167,100.05,W,1784,105.0,120.0,mastercard,120.0,debit,275.0,21.0,5.16,hotmail.com,gmail.com,-1.964,1.868,-1.014,0.298,0.261
3000389,0,705545,99.02,R,1081,179.0,141.0,discover,,debit,,23.0,14.0,yahoo.com,yahoo.com,-0.491,-0.95,0.411,0.888,0.44
3000390,0,649538,23.63,C,1494,461.0,156.0,american express,150.0,debit,291.0,14.0,11.12,gmail.com,gmail.com,1.786,0.623,1.058,-0.248,0.583
3000391,0,803152,73.53,W,1598,590.0,152.0,visa,170.0,charge card,411.0,15.0,3.48,aol.com,,-0.022,1.445,-0.098,0.487,-0.478
3000392,0,497618,59.58,C,1139,374.0,146.0,mastercard,129.0,credit,241.0,64.0,12.53,,gmail.com,1.862,1.612,0.862,0.157,0.133
3000393,0,496099,137.84,S,1371,464.0,189.0,mastercard,144.0,charge card,464.0,31.0,9.89,,aol.com,,-0.128,-0.545,0.602,0.188
3000394,0,419920,50.94,S,1217,108.0,131.0,american express,197.0,credit,454.0,74.0,,aol.com,gmail.com,1.821,-0.997,-0.482,-0.774,0.146
3000395,0,881335,67.37,W,1626,301.0,137.0,visa,114.0,credit,168.0,85.0,4.54,yahoo.com,outlook.com,,1.192,1.263,0.951,0.228
3000396,0,524533,63.97,S,1181,560.0,183.0,mastercard,164.0,credit,283.0,44.0,1.89,outlook.com,yahoo.com,0.564,-0.521,1.189,-0.671,0.063
3000397,0,108303,163.07,R,1779,,115.0,mastercard,,credit,,77.0,12.41,gmail.com,hotmail.com,,0.043,0.076,-1.97,0.086
3000398,0,504258,35.59,W,1241,,116.0,american express,282.0,charge card,102.0,85.0,12.13,gmail.com,aol.com,-1.483,-0.717,-1.023,-0.042,-1.33
3000399,0,875700,48.69,H,1148,,195.0,visa,190.0,debit,286.0,20.0,8.49,gmail.com,yahoo.com,-1.497,-1.415,0.206,-1.469,
3000400,0,836130,29.41,W,1513,,125.0,visa,201.0,credit,243.0,76.0,8.01,outlook.com,,-0.389,,-1.19,0.991,1.229
3000401,0,371272,137.52,R,1615,576.0,163.0,discover,210.0,credit,373.0,67.0,6.94,outlook.com,aol.com,0.892,-0.251,0.479,-1.216,-0.047
3000402,0,881347,38.17,C,1637,190.0,136.0,visa,,charge card,416.0,,13.71,gmail.com,yahoo.com,0.664,-1.813,-0.423,0.095,-0.552
3000403,0,90963,92.62,C,1777,159.0,113.0,mastercard,274.0,debit,187.0,87.0,10.89,yahoo.com,hotmail.com,,1.476,-0.95,-1.634,0.921
3000404,0,748377,150.89,C,1086,535.0,154.0,discover,179.0,charge card,379.0,37.0,1.04,gmail.com,yahoo.com,-2.065,-0.253,-0.125,0.404,2.442
3000405,0,619333,24.95,C,1247,221.0,106.0,discover,276.0,credit,322.0,93.0,,gmail.com,gmail.com,-1.143,,2.382,1.44,2.413
3000406,1,8343,105.08,W,1498,298.0,123.0,mastercard,288.0,charge card,302.0,57.0,12.27,outlook.com,yahoo.com,-0.305,1.202,0.47,-0.32,0.034
3000407,0,454893,105.65,S,1061,138.0,138.0,,215.0,debit,,57.0,6.92,hotmail.com,outlook.com,0.411,-0.568,,1.209,0.34
3000408,0,380496,65.37,S,1741,338.0,127.0,visa,110.0,debit,258.0,61.0,7.55,outlook.com,aol.com,0.043,-0.018,-1.185,-0.141,-0.831
3000409,0,428373,170.34,W,1369,461.0,124.0,visa,289.0,charge card,,87.0,,aol.com,outlook.com,,-0.455,0.606,-1.105,0.938
3000410,0,258753,109.23,W,1523,143.0,101.0,visa,279.0,credit,285.0,20.0,13.07,yahoo.com,hotmail.com,-1.62,-0.011,-1.571,-0.259,1.12
3000411,0,852029,139.2,W,1434,575.0,136.0,mastercard,,credit,188.0,41.0,7.91,aol.com,aol.com,0.884,,-0.612,-0.79,-0.427
3000412,0,826000,214.23,H,1518,226.0,192.0,american express,158.0,debit,492.0,86.0,9.77,outlook.com,yahoo.com,-1.141,0.411,0.194,0.619,
3000413,0,137792,161.21,S,1550,378.0,127.0,mastercard,276.0,charge card,482.0,12.0,10.35,aol.com,hotmail.com,-0.292,0.458,2.067,0.558,-0.812
3000414,0,763195,151.84,S,1753,,137.0,mastercard,117.0,debit,,40.0,17.63,yahoo.com,,-0.11,,-0.743,1.697,0.269
3000415,0,616935,54.78,S,1456,248.0,191.0,visa,194.0,charge card,190.0,23.0,2.41,,yahoo.com,0.356,-0.621,0.478,-0.78,-1.465
3000416,0,185334,114.34,R,1677,144.0,191.0,american express,205.0,credit,476.0,21.0,21.56,gmail.com,outlook.com,-0.887,-1.592,-0.305,-0.107,0.998
3000417,0,413750,76.62,H,1241,581.0,181.0,discover,153.0,credit,187.0,33.0,3.91,outlook.com,hotmail.com,-1.344,0.236,-1.89,-0.578,-0.027
3000418,0,279691,100.11,R,1795,391.0,199.0,mastercard,116.0,charge card,275.0,11.0,8.83,yahoo.com,yahoo.com,-0.318,-0.199,0.579,-0.784,-0.577
3000419,0,528259,124.69,R,1129,393.0,,discover,199.0,credit,,13.0,5.89,aol.com,,-1.013,0.691,2.333,-0.321,0.028
3000420,0,130674,67.43,W,1596,165.0,131.0,visa,,debit,,14.0,10.59,outlook.com,aol.com,0.037,-0.622,0.735,0.562,-0.834
3000421,0,499409,56.89,S,1272,580.0,108.0,,,debit,133.0,95.0,12.68,gmail.com,outlook.com,-1.662,0.278,-0.811,0.667,0.794
3000422,0,117144,45.64,S,1059,464.0,180.0,mastercard,152.0,credit,337.0,15.0,,,aol.com,-0.522,,,1.065,-0.2
3000423,0,134129,85.74,R,1375,,179.0,american express,176.0,credit,218.0,98.0,15.9,aol.com,aol.com,-1.409,0.405,0.489,-0.31,0.639
3000424,0,850951,88.85,C,1361,336.0,142.0,visa,,credit,319.0,,6.56,yahoo.com,outlook.com,2.096,-0.265,-1.014,-0.137,1.607
3000425,1,512015,31.38,W,1148,172.0,139.0,discover,145.0,,462.0,89.0,11.05,aol.com,yahoo.com,-1.958,,0.148,,-0.224
3000426,0,288335,19.86,W,1648,,133.0,visa,133.0,charge card,448.0,68.0,10.55,gmail.com,gmail.com,,,-0.635,-3.413,0.153
3000427,0,862105,95.35,R,1238,,186.0,discover,190.0,credit,256.0,,6.63,aol.com,aol.com,,0.85,-0.024,0.029,-2.332
3000428,0,335659,98.29,S,1331,451.0,161.0,,196.0,charge card,412.0,32.0,12.92,yahoo.com,aol.com,-0.69,-0.097,-0.445,0.052,0.728
3000429,0,171235,28.59,R,1707,233.0,105.0,american express,118.0,debit,,48.0,,yahoo.com,,-1.423,0.31,0.034,-0.529,0.473
3000430,0,899677,62.31,S,1799,465.0,172.0,mastercard,219.0,debit,433.0,28.0,7.74,yahoo.com,hotmail.com,-1.091,0.054,0.339,0.183,0.494
3000431,0,11469,72.83,R,1338,316.0,114.0,american express,186.0,debit,303.0,,6.52,yahoo.com,hotmail.com,-0.298,-0.018,-0.73,1.096,-0.545
3000432,0,942784,204.1,C,1238,536.0,,american express,113.0,charge card,373.0,78.0,13.51,outlook.com,,1.418,0.091,1.499,-1.23,-0.542
3000433,0,67566,249.21,S,1100,481.0,112.0,discover,214.0,charge card,433.0,60.0,9.38,hotmail.com,aol.com,1.246,0.034,-1.058,0.392,-2.489
3000434,0,806583,50.43,C,1348,530.0,155.0,mastercard,161.0,credit,368.0,,15.93,,outlook.com,1.782,0.018,0.478,-0.639,0.055
3000435,0,459796,117.2,W,1532,334.0,181.0,discover,297.0,charge card,385.0,21.0,14.29,yahoo.com,,-0.569,1.049,1.917,-0.152,
3000436,0,125447,157.2,H,1449,139.0,162.0,american express,106.0,credit,398.0,31.0,3.92,aol.com,outlook.com,0.165,1.024,1.432,-0.192,
3000437,0,974452,253.68,S,1283,234.0,195.0,mastercard,299.0,charge card,372.0,78.0,,outlook.com,outlook.com,1.338,1.802,-0.169,-0.252,0.155
3000438,0,427866,26.88,H,1312,310.0,,visa,,credit,318.0,84.0,10.18,yahoo.com,,,0.518,0.496,1.506,0.232
3000439,0,44237,61.75,R,1412,550.0,174.0,mastercard,231.0,credit,241.0,40.0,6.59,gmail.com,yahoo.com,,0.477,-0.878,-0.109,-1.086
3000440,0,720586,111.22,C,1211,241.0,126.0,mastercard,171.0,charge card,493.0,61.0,4.78,outlook.com,,0.137,,0.385,-0.247,0.769
3000441,0,990929,63.71,H,1314,388.0,130.0,mastercard,190.0,debit,,,6.35,gmail.com,outlook.com,0.908,-1.435,-0.957,-1.081,0.467
3000442,0,155459,67.33,W,1708,466.0,158.0,american express,280.0,debit,339.0,,17.2,aol.com,aol.com,-0.511,0.24,1.154,1.629,-0.51
3000443,0,536053,14.44,R,1091,401.0,,discover,,credit,119.0,18.0,8.86,outlook.com,yahoo.com,0.358,0.518,0.347,0.471,-1.308
3000444,0,929565,21.19,R,1366,296.0,159.0,mastercard,295.0,debit,386.0,67.0,19.47,,aol.com,-0.793,0.673,-0.639,0.039,-0.531
3000445,0,120141,49.72,C,1589,510.0,196.0,visa,284.0,charge card,152.0,34.0,13.87,outlook.com,hotmail.com,0.811,-0.623,0.763,-0.836,-1.548
3000446,0,789435,33.35,H,1073,117.0,152.0,discover,,,494.0,47.0,1.28,aol.com,outlook.com,0.612,-0.368,-0.56,-0.33,0.105
3000447,0,418539,70.16,C,1455,435.0,,discover,238.0,charge card,313.0,83.0,12.2,gmail.com,gmail.com,0.012,-1.449,0.226,1.654,-0.518
3000448,0,54428,364.52,C,1079,469.0,,visa,255.0,debit,314.0,17.0,17.43,hotmail.com,gmail.com,-1.335,-0.513,-0.799,-0.857,1.665
3000449,0,207360,48.51,C,1791,220.0,181.0,mastercard,138.0,debit,429.0,80.0,1.07,yahoo.com,gmail.com,-0.101,-1.916,-0.577,-0.979,0.951
3000450,0,857524,68.51,H,1319,241.0,136.0,discover,,credit,308.0,77.0,3.63,outlook.com,yahoo.com,1.674,0.816,0.871,1.4,-0.674
3000451,0,714151,19.91,R,1003,576.0,147.0,mastercard,221.0,charge card,260.0,,9.44,aol.com,,-0.554,-0.175,1.878,-0.99,-0.516
3000452,0,885985,27.88,H,1385,225.0,133.0,american express,242.0,credit,459.0,12.0,7.23,outlook.com,aol.com,0.34,-1.021,1.665,0.707,-0.385
3000453,1,541514,109.18,R,1461,180.0,133.0,mastercard,199.0,debit,128.0,61.0,18.47,aol.com,,-1.793,1.435,1.065,1.943,-0.9
3000454,1,132297,115.09,W,1422,493.0,103.0,visa,136.0,credit,453.0,10.0,5.67,outlook.com,outlook.com,-1.097,0.004,0.193,-1.219,0.869
3000455,0,287960,154.27,S,1340,180.0,141.0,american express,283.0,charge card,389.0,97.0,18.52,gmail.com,outlook.com,-0.051,-0.988,0.859,,
3000456,0,299369,108.41,S,1287,555.0,103.0,visa,189.0,charge card,383.0,92.0,2.98,hotmail.com,aol.com,0.903,,-0.091,1.289,-2.402
3000457,0,255423,65.75,W,1347,424.0,107.0,visa,233.0,debit,238.0,68.0,5.7,aol.com,aol.com,0.822,-0.489,-0.067,1.34,-0.466
3000458,0,80810,129.81,C,1670,318.0,117.0,discover,263.0,debit,104.0,15.0,11.66,,hotmail.com,-0.637,-1.952,-0.211,2.031,-2.562
3000459,0,866977,38.71,R,1578,,111.0,american express,294.0,charge card,,38.0,12.6,hotmail.com,gmail.com,1.914,0.082,0.93,0.276,-0.143
3000460,0,93829,150.58,W,1230,423.0,158.0,mastercard,275.0,credit,124.0,87.0,10.77,hotmail.com,gmail.com,-2.87,1.548,0.319,0.208,0.606
3000461,0,766242,7.05,R,1193,214.0,186.0,visa,109.0,charge card,,27.0,18.08,gmail.com,outlook.com,-1.567,-1.743,-1.33,-1.132,-0.478
3000462,0,715825,300.86,H,1115,119.0,116.0,mastercard,,debit,267.0,35.0,19.13,yahoo.com,outlook.com,1.069,-0.443,0.305,-0.244,-1.736
3000463,0,436185,52.36,S,1319,451.0,145.0,discover,239.0,,310.0,48.0,19.91,aol.com,gmail.com,,0.713,1.25,-0.019,-0.409
3000464,0,625728,120.9,C,1447,103.0,188.0,american express,286.0,debit,166.0,46.0,9.55,outlook.com,outlook.com,1.747,0.303,,0.316,0.864
3000465,0,405511,85.97,H,1106,149.0,167.0,visa,143.0,debit,477.0,92.0,14.43,outlook.com,hotmail.com,-0.927,0.917,,-0.854,-0.127
3000466,0,526484,142.24,S,1706,175.0,129.0,american express,206.0,charge card,405.0,94.0,8.68,aol.com,gmail.com,-1.477,-0.245,0.041,-0.218,-1.773
3000467,0,737473,24.29,H,1453,337.0,133.0,discover,193.0,credit,496.0,25.0,,outlook.com,hotmail.com,-1.551,1.335,0.015,1.015,-1.202
3000468,0,459817,102.15,R,1621,223.0,,discover,146.0,credit,197.0,19.0,-1.56,,hotmail.com,-1.032,0.021,0.898,,-0.06
3000469,0,970734,122.07,H,1349,573.0,148.0,american express,268.0,credit,111.0,87.0,6.79,aol.com,hotmail.com,0.404,-0.082,0.59,0.626,-0.107
3000470,0,839440,123.49,H,1004,223.0,186.0,american express,,charge card,123.0,34.0,8.98,aol.com,gmail.com,,0.414,-0.257,0.848,0.26
3000471,0,79593,23.75,R,1034,547.0,179.0,mastercard,299.0,charge card,397.0,,7.61,hotmail.com,gmail.com,-0.451,-0.282,0.901,,-0.804
3000472,0,903903,210.06,W,1479,140.0,183.0,visa,,debit,377.0,19.0,,hotmail.com,hotmail.com,0.593,-0.315,-1.797,-1.949,-3.28
3000473,0,159084,81.45,S,1184,401.0,164.0,,144.0,,313.0,25.0,3.09,outlook.com,gmail.com,,-0.463,-1.824,1.94,-0.328
3000474,0,210501,215.43,H,1291,116.0,127.0,discover,118.0,,131.0,29.0,5.96,aol.com,yahoo.com,0.129,,0.741,-0.004,1.292
3000475,0,362327,107.36,S,1316,496.0,139.0,american express,272.0,debit,118.0,,4.04,gmail.com,gmail.com,1.47,-0.735,-1.882,-1.645,0.825
3000476,0,816587,43.68,H,1758,439.0,170.0,american express,,,,63.0,9.86,gmail.com,aol.com,-0.772,-1.357,1.499,0.346,-1.836
3000477,0,507715,41.04,R,1425,431.0,146.0,,126.0,charge card,370.0,15.0,5.51,,gmail.com,0.05,0.564,0.272,0.748,-0.755
3000478,0,756487,75.82,H,1736,394.0,117.0,visa,121.0,debit,,31.0,14.8,,,-0.842,0.313,0.136,-0.555,-0.854
3000479,0,71409,8.65,W,1074,216.0,198.0,mastercard,,credit,260.0,56.0,14.55,,,0.708,-1.987,1.22,1.236,1.504
3000480,0,749872,106.68,S,1581,507.0,164.0,mastercard,206.0,credit,180.0,95.0,-0.54,outlook.com,yahoo.com,-1.253,-0.449,,0.927,0.211
3000481,0,53490,60.68,R,1495,529.0,,,143.0,credit,353.0,32.0,-0.62,gmail.com,yahoo.com,-1.012,0.041,0.089,2.353,-1.753
3000482,0,246841,135.9,W,1431,486.0,162.0,mastercard,121.0,charge card,299.0,90.0,14.17,outlook.com,yahoo.com,0.63,-1.023,0.449,-0.015,-0.787
3000483,0,219463,41.74,C,1654,405.0,140.0,american express,295.0,credit,144.0,73.0,12.03,gmail.com,yahoo.com,-2.136,0.415,,0.038,1.361
3000484,0,834543,63.74,H,1745,364.0,146.0,mastercard,199.0,credit,231.0,38.0,2.07,outlook.com,outlook.com,1.829,-0.595,-1.219,-0.457,0.579
3000485,0,385960,19.86,W,1266,,113.0,discover,121.0,,152.0,59.0,9.89,hotmail.com,gmail.com,0.595,0.019,,-1.028,-0.109
3000486,0,770378,39.1,R,1015,364.0,104.0,visa,208.0,charge card,174.0,89.0,,,outlook.com,-0.231,-0.963,1.329,0.41,-1.677
3000487,0,739282,77.11,C,1053,576.0,110.0,mastercard,,debit,374.0,44.0,14.09,gmail.com,outlook.com,-0.414,,-0.378,2.197,-1.761
3000488,0,693405,60.35,R,1543,556.0,110.0,,285.0,debit,264.0,35.0,3.43,gmail.com,hotmail.com,0.478,0.146,1.547,-0.597,2.456
3000489,0,609914,36.51,S,1117,379.0,105.0,,204.0,,,59.0,6.95,aol.com,outlook.com,0.372,2.308,-1.111,-0.804,-0.444
3000490,0,866586,43.18,S,1092,479.0,110.0,visa,261.0,debit,180.0,12.0,12.44,yahoo.com,gmail.com,-1.069,1.579,-0.859,0.166,-1.25
3000491,0,29205,80.99,C,1610,262.0,,visa,244.0,charge card,156.0,74.0,,gmail.com,yahoo.com,0.1,0.161,0.165,-0.673,-0.475
3000492,0,665437,21.84,H,1454,537.0,130.0,mastercard,206.0,charge card,197.0,30.0,15.34,gmail.com,outlook.com,-0.931,0.052,0.999,0.529,
3000493,0,45013,236.11,R,1425,,145.0,american express,,credit,347.0,73.0,12.15,,gmail.com,-0.574,0.066,-0.888,-0.23,1.529
3000494,0,627343,72.41,S,1352,295.0,,visa,210.0,debit,349.0,16.0,2.54,aol.com,yahoo.com,-0.065,0.256,-0.496,-0.488,0.672
3000495,0,452030,183.75,C,1108,377.0,154.0,american express,192.0,debit,366.0,22.0,11.24,yahoo.com,gmail.com,0.037,-2.188,-0.722,-0.506,-0.521
3000496,0,972829,88.41,W,1576,141.0,108.0,american express,104.0,charge card,109.0,65.0,4.39,outlook.com,hotmail.com,-0.352,-0.049,1.79,0.075,
3000497,0,874850,156.35,W,1134,536.0,130.0,discover,210.0,charge card,317.0,32.0,17.32,aol.com,,-0.136,0.625,0.382,1.461,1.438
3000498,0,58869,111.58,R,1163,507.0,116.0,american express,221.0,charge card,433.0,86.0,17.98,,hotmail.com,-0.463,0.025,0.439,-1.937,-0.078
3000499,0,914997,177.08,R,1666,521.0,139.0,discover,158.0,credit,379.0,27.0,15.76,,hotmail.com,,-1.218,-0.715,1.915,-0.462
3000500,0,181815,174.06,W,1045,280.0,113.0,mastercard,101.0,debit,218.0,79.0,21.09,aol.com,,1.564,-1.547,-0.171,0.394,0.119
3000501,0,365106,66.19,R,1543,,145.0,,230.0,debit,148.0,63.0,14.07,yahoo.com,aol.com,1.431,-1.841,-0.783,1.466,0.438
3000502,0,534049,39.01,S,1419,292.0,188.0,american express,,charge card,470.0,94.0,17.46,hotmail.com,outlook.com,-0.951,1.627,2.221,0.924,-0.586
3000503,0,887372,75.08,S,1556,344.0,182.0,american express,116.0,credit,479.0,94.0,14.8,yahoo.com,hotmail.com,-2.264,0.727,-0.178,0.62,-2.206
3000504,0,344702,31.49,S,1652,430.0,123.0,discover,192.0,charge card,156.0,82.0,,outlook.com,aol.com,0.802,1.34,-2.073,-0.827,1.727
3000505,0,929124,89.7,H,1112,124.0,109.0,discover,116.0,credit,158.0,51.0,14.42,outlook.com,aol.com,1.878,-0.32,-1.255,-0.838,0.675
3000506,0,297374,43.17,C,1064,534.0,199.0,discover,138.0,credit,400.0,48.0,11.53,,outlook.com,-0.254,-0.761,-2.301,0.82,-0.793
3000507,0,406614,143.73,S,1792,419.0,,american express,230.0,charge card,133.0,15.0,19.12,gmail.com,gmail.com,,-1.599,-1.375,0.579,0.274
3000508,0,929219,76.41,W,1087,417.0,198.0,american express,117.0,charge card,331.0,69.0,4.59,gmail.com,outlook.com,0.014,0.354,-1.855,2.096,0.842
3000509,0,746073,66.76,S,1203,501.0,116.0,discover,,credit,,44.0,2.18,aol.com,yahoo.com,0.333,-1.453,1.058,-3.227,1.07
3000510,0,679485,54.79,R,1140,579.0,150.0,american express,118.0,debit,235.0,31.0,6.19,yahoo.com,outlook.com,-0.53,,-0.352,-0.605,-0.368
3000511,0,365342,144.32,R,1283,198.0,146.0,american express,271.0,credit,429.0,35.0,18.02,gmail.com,,,1.167,,-2.612,-0.472
3000512,0,8518,63.73,S,1639,505.0,,american express,198.0,debit,316.0,44.0,8.71,gmail.com,yahoo.com,-0.248,1.48,1.945,2.001,-0.265
3000513,0,153577,101.12,W,1187,417.0,147.0,american express,213.0,,,50.0,5.96,aol.com,outlook.com,-0.291,-0.267,-0.529,-0.702,
3000514,0,313484,187.26,H,1554,,146.0,american express,224.0,,271.0,49.0,5.8,gmail.com,aol.com,0.173,0.867,1.665,,
3000515,0,575198,143.16,C,1754,170.0,168.0,discover,276.0,credit,276.0,96.0,12.37,hotmail.com,outlook.com,-1.421,0.137,-0.303,0.661,1.759
3000516,0,871468,42.13,S,1374,167.0,165.0,mastercard,279.0,charge card,458.0,48.0,9.76,outlook.com,,1.136,0.478,-0.004,0.746,-0.305
3000517,0,86423,106.76,W,1505,519.0,198.0,discover,270.0,charge card,252.0,96.0,16.06,hotmail.com,outlook.com,0.102,-1.325,0.566,-1.277,-0.035
3000518,0,57922,182.96,C,1361,464.0,147.0,visa,224.0,credit,366.0,69.0,8.41,gmail.com,yahoo.com,0.209,0.281,1.552,-0.718,-0.752
3000519,0,663353,78.0,H,1442,465.0,191.0,,241.0,charge card,377.0,59.0,14.61,outlook.com,aol.com,-0.722,0.24,,-0.217,-0.772
3000520,0,240220,49.33,R,1433,511.0,146.0,visa,206.0,debit,232.0,82.0,5.7,hotmail.com,yahoo.com,-2.069,0.392,1.557,1.53,0.164
3000521,0,809200,48.7,W,1331,567.0,124.0,,296.0,debit,,74.0,12.75,gmail.com,hotmail.com,-0.116,0.381,-0.865,-0.787,-0.291
3000522,0,580622,84.92,C,1058,403.0,151.0,discover,,debit,282.0,74.0,25.31,outlook.com,outlook.com,-0.486,0.119,2.172,-0.064,-0.023
3000523,0,915406,324.59,H,1573,241.0,140.0,american express,149.0,charge card,,12.0,9.06,outlook.com,aol.com,,0.549,0.366,0.987,-0.765
3000524,0,450790,130.82,R,1049,312.0,153.0,discover,126.0,debit,179.0,59.0,9.42,hotmail.com,gmail.com,1.181,-0.772,0.119,0.114,0.978
3000525,1,448025,54.34,C,1374,185.0,153.0,american express,212.0,charge card,112.0,61.0,14.94,gmail.com,aol.com,1.543,0.356,-0.2,-0.396,-0.614
3000526,0,779721,171.2,R,1447,,136.0,american express,198.0,credit,123.0,,5.1,,gmail.com,-0.308,-0.903,0.26,0.084,0.382
3000527,0,117385,27.56,R,1369,385.0,179.0,mastercard,125.0,charge card,109.0,64.0,7.76,gmail.com,,0.478,,0.589,1.318,-1.04
3000528,0,214269,61.63,R,1745,506.0,161.0,discover,170.0,,489.0,24.0,7.33,gmail.com,yahoo.com,1.512,,0.214,-0.016,0.629
3000529,0,902491,125.59,H,1121,128.0,151.0,visa,242.0,credit,332.0,84.0,11.34,outlook.com,hotmail.com,0.632,,-1.398,1.006,0.582
3000530,0,141202,67.14,W,1217,395.0,151.0,visa,180.0,credit,121.0,91.0,,outlook.com,hotmail.com,-2.94,-0.585,1.927,-1.008,0.613
3000531,0,870370,243.02,C,1658,510.0,115.0,american express,264.0,debit,326.0,,17.24,yahoo.com,hotmail.com,1.252,-0.568,-0.638,,-0.803
3000532,0,698471,215.83,W,1691,586.0,182.0,discover,197.0,charge card,151.0,92.0,10.75,outlook.com,yahoo.com,-1.908,0.803,-0.882,-0.656,-0.028
3000533,0,967610,17.66,W,1052,202.0,,visa,279.0,credit,253.0,47.0,10.99,hotmail.com,gmail.com,,-0.719,,,
3000534,0,271081,107.39,H,1793,,115.0,discover,296.0,charge card,262.0,,9.25,outlook.com,yahoo.com,1.589,0.38,0.694,-1.134,1.321
3000535,0,593979,32.1,C,1725,166.0,134.0,discover,205.0,debit,200.0,85.0,9.9,,hotmail.com,-0.863,0.533,-0.801,-1.7,-0.16
3000536,0,41933,31.22,W,1323,555.0,150.0,american express,255.0,charge card,265.0,18.0,-1.53,outlook.com,outlook.com,-1.575,2.211,-0.297,0.434,0.434
3000537,0,673403,29.17,S,1733,174.0,160.0,discover,,credit,,22.0,16.47,aol.com,outlook.com,-0.159,0.985,,1.111,-0.019
3000538,0,53675,50.53,R,1670,207.0,179.0,mastercard,,debit,,55.0,5.66,gmail.com,outlook.com,-0.345,-0.93,,2.132,-0.984
3000539,0,373280,66.69,R,1418,451.0,117.0,mastercard,176.0,charge card,352.0,95.0,14.21,gmail.com,yahoo.com,-2.237,-1.184,-0.027,-1.656,-1.462
3000540,0,325744,202.6,R,1765,108.0,143.0,visa,100.0,credit,337.0,,9.31,outlook.com,yahoo.com,1.451,0.091,-1.029,-1.3,-1.362
3000541,1,183136,129.31,C,1130,,145.0,american express,170.0,credit,207.0,72.0,9.03,hotmail.com,hotmail.com,-0.092,0.493,-0.094,1.288,0.814
3000542,0,541670,107.44,W,1085,594.0,198.0,mastercard,133.0,charge card,220.0,22.0,12.58,aol.com,aol.com,-0.227,-0.645,,0.635,-2.185
3000543,0,291715,96.17,W,1174,310.0,138.0,discover,246.0,charge card,,,18.52,yahoo.com,aol.com,,0.975,-1.005,,-0.339
3000544,0,88573,33.94,H,1552,316.0,195.0,visa,,charge card,450.0,88.0,9.61,hotmail.com,yahoo.com,0.046,-1.905,-0.747,0.271,-1.369
3000545,0,720656,57.63,W,1111,190.0,196.0,,,charge card,376.0,88.0,7.18,outlook.com,hotmail.com,,-2.049,0.57,1.125,-0.063
3000546,0,187445,157.74,C,1426,335.0,117.0,discover,182.0,charge card,231.0,30.0,12.43,yahoo.com,outlook.com,-0.278,-0.738,-0.311,0.6,-0.386
3000547,0,324984,131.74,C,1560,490.0,169.0,,116.0,,480.0,,-2.32,outlook.com,,,0.626,1.417,-1.817,1.047
3000548,0,318887,117.61,H,1272,511.0,,american express,128.0,debit,124.0,25.0,5.76,aol.com,gmail.com,0.407,0.929,-1.347,-0.032,0.213
3000549,0,691586,20.86,H,1290,,197.0,discover,,debit,411.0,92.0,5.11,hotmail.com,aol.com,0.221,0.102,-0.554,0.186,-0.953
3000550,0,723532,117.07,C,1011,109.0,139.0,mastercard,151.0,credit,249.0,,8.25,,yahoo.com,,1.478,-0.82,1.127,0.686
3000551,0,502159,12.16,R,1785,198.0,,visa,189.0,charge card,186.0,74.0,3.2,hotmail.com,aol.com,-0.956,0.507,0.281,1.243,-0.518
3000552,0,79478,28.96,C,1033,156.0,189.0,mastercard,143.0,,428.0,89.0,14.31,gmail.com,aol.com,0.414,-0.131,-0.7,,0.581
3000553,0,448996,131.13,S,1273,485.0,,,106.0,credit,145.0,,8.52,outlook.com,yahoo.com,0.522,1.549,0.931,0.547,-0.598
3000554,0,705588,63.36,S,1548,258.0,172.0,mastercard,161.0,debit,116.0,38.0,10.76,gmail.com,gmail.com,-1.111,0.367,1.838,-0.381,-2.045
3000555,0,967627,184.35,S,1263,357.0,197.0,visa,122.0,charge card,343.0,21.0,10.14,outlook.com,,0.473,-0.78,-0.049,-0.883,0.611
3000556,0,959139,16.4,W,1652,494.0,124.0,visa,253.0,credit,499.0,30.0,8.49,outlook.com,hotmail.com,,0.346,,0.232,-0.378
3000557,1,166091,130.27,R,1541,,140.0,mastercard,264.0,credit,135.0,54.0,,hotmail.com,yahoo.com,1.387,-1.046,-0.557,-1.446,2.274
3000558,0,248363,215.13,R,1738,415.0,147.0,,240.0,charge card,131.0,38.0,16.54,hotmail.com,gmail.com,1.647,1.13,1.104,-2.096,0.135
3000559,0,487161,248.04,C,1702,595.0,155.0,,289.0,charge card,415.0,,14.22,gmail.com,outlook.com,0.271,-0.213,-0.835,,-1.453
3000560,0,256676,97.71,W,1597,307.0,167.0,visa,228.0,charge card,390.0,97.0,17.56,outlook.com,hotmail.com,-1.214,-1.762,-0.143,,
3000561,0,159715,255.57,H,1421,,,discover,214.0,credit,135.0,23.0,9.26,yahoo.com,,-0.101,1.315,0.443,0.079,
3000562,0,221393,38.68,H,1507,165.0,,mastercard,238.0,,118.0,55.0,,yahoo.com,aol.com,-0.964,0.429,,-0.113,
3000563,0,937457,57.51,W,1097,309.0,116.0,american express,148.0,credit,223.0,39.0,11.86,aol.com,aol.com,-0.894,-0.481,,1.546,-0.623
3000564,0,706385,133.36,H,1292,575.0,196.0,american express,118.0,debit,471.0,11.0,8.42,yahoo.com,yahoo.com,1.213,0.193,-0.205,,
3000565,0,488619,37.12,H,1136,470.0,128.0,american express,295.0,credit,139.0,52.0,9.88,outlook.com,outlook.com,0.502,0.71,0.319,-0.337,0.036
3000566,0,556479,113.73,H,1504,478.0,171.0,visa,,debit,498.0,96.0,,,gmail.com,-0.381,-0.002,-0.367,1.214,-0.563
3000567,0,331966,140.04,S,1572,346.0,124.0,american express,184.0,credit,112.0,,4.1,outlook.com,outlook.com,-1.151,0.267,-1.229,-0.021,-1.142
3000568,0,549091,277.21,R,1530,595.0,130.0,mastercard,124.0,debit,347.0,21.0,5.45,outlook.com,aol.com,0.135,,,,-1.486
3000569,0,168321,111.52,H,1612,514.0,143.0,american express,126.0,charge card,193.0,32.0,4.33,outlook.com,yahoo.com,1.297,-0.384,0.175,,0.949
3000570,0,60887,38.87,R,1222,513.0,169.0,discover,203.0,charge card,196.0,96.0,12.23,aol.com,outlook.com,0.53,0.024,0.151,-0.574,2.728
3000571,0,594101,100.45,W,1791,367.0,188.0,mastercard,,debit,211.0,45.0,11.89,yahoo.com,outlook.com,0.163,1.841,-0.371,0.255,0.44
3000572,0,558756,207.1,S,1026,,194.0,mastercard,151.0,,267.0,86.0,12.11,aol.com,yahoo.com,0.186,-0.266,0.529,,1.375
3000573,0,398959,32.58,R,1458,222.0,120.0,discover,239.0,debit,386.0,21.0,8.76,outlook.com,aol.com,1.319,-0.653,,0.499,0.68
3000574,0,457617,151.8,C,1548,433.0,145.0,mastercard,296.0,charge card,352.0,85.0,15.13,hotmail.com,gmail.com,0.82,0.122,0.169,-0.011,0.282
3000575,0,127181,109.26,S,1625,367.0,104.0,visa,238.0,debit,298.0,37.0,14.66,hotmail.com,,0.13,1.019,1.596,-0.291,-1.444
3000576,0,847510,186.14,S,1122,418.0,126.0,american express,232.0,debit,461.0,66.0,12.93,gmail.com,aol.com,-2.168,-0.758,-0.369,-0.357,0.03
3000577,0,32374,128.78,R,1539,519.0,156.0,mastercard,176.0,credit,454.0,45.0,8.39,hotmail.com,outlook.com,0.666,-0.197,,,0.24
3000578,0,478020,145.87,C,1652,217.0,196.0,mastercard,119.0,credit,329.0,27.0,17.8,gmail.com,aol.com,0.155,-0.58,-0.415,-0.426,-0.184
3000579,0,391303,177.58,S,1439,240.0,136.0,american express,,,255.0,32.0,4.1,gmail.com,aol.com,-0.074,1.797,0.303,,-0.396
3000580,0,779605,187.0,S,1105,480.0,115.0,american express,103.0,,489.0,90.0,1.88,yahoo.com,yahoo.com,1.12,1.28,-0.22,-0.845,0.07
3000581,0,583168,37.72,W,1646,417.0,104.0,discover,145.0,debit,300.0,29.0,3.53,hotmail.com,hotmail.com,-0.833,0.38,0.766,0.527,-0.014
3000582,0,187780,136.42,C,1399,450.0,189.0,mastercard,264.0,charge card,424.0,39.0,16.1,hotmail.com,outlook.com,0.279,1.187,-0.601,-1.157,-0.303
3000583,0,518825,96.21,R,1163,389.0,176.0,american express,220.0,credit,,47.0,10.54,hotmail.com,outlook.com,,-1.349,-0.365,1.341,-0.505
3000584,0,599777,129.1,H,1409,344.0,100.0,american express,165.0,credit,316.0,34.0,7.11,aol.com,gmail.com,-1.496,-0.734,1.588,0.352,-0.101
3000585,0,900027,250.12,R,1122,446.0,193.0,visa,162.0,credit,295.0,69.0,-1.59,aol.com,aol.com,,0.322,0.177,-0.196,
3000586,1,520364,99.3,W,1359,167.0,137.0,visa,230.0,,263.0,39.0,8.92,aol.com,yahoo.com,0.1,1.364,1.75,-1.611,0.311
3000587,0,911618,25.17,H,1247,280.0,174.0,discover,245.0,debit,250.0,15.0,5.08,hotmail.com,gmail.com,1.078,-1.459,,-0.209,0.375
3000588,0,340146,29.23,W,1672,317.0,183.0,discover,130.0,credit,218.0,34.0,-0.42,,hotmail.com,0.52,0.362,-1.073,-0.354,1.059
3000589,0,936297,172.45,R,1307,,179.0,visa,,credit,398.0,,15.52,gmail.com,outlook.com,-0.045,,-0.055,0.514,
3000590,1,944071,57.26,R,1444,552.0,158.0,mastercard,259.0,,486.0,90.0,10.22,aol.com,hotmail.com,0.741,-0.265,0.395,1.175,1.191
3000591,0,799692,93.66,C,1759,432.0,175.0,discover,269.0,credit,421.0,35.0,,outlook.com,outlook.com,-2.152,0.143,-0.209,1.011,1.286
3000592,1,852799,115.6,H,1364,308.0,148.0,visa,160.0,credit,385.0,36.0,9.97,gmail.com,hotmail.com,-0.459,-1.073,-1.381,0.715,-0.79
3000593,0,477616,109.06,H,1659,,197.0,american express,106.0,,447.0,62.0,12.87,gmail.com,gmail.com,-0.815,,-1.679,0.904,0.015
3000594,0,938437,86.68,W,1471,240.0,104.0,discover,,charge card,492.0,78.0,6.6,gmail.com,yahoo.com,0.489,-0.537,1.741,1.774,0.027
3000595,0,523795,257.8,W,1595,335.0,113.0,mastercard,,charge card,182.0,18.0,,outlook.com,outlook.com,1.735,,-0.81,,0.178
3000596,0,591430,147.41,H,1394,,103.0,,,charge card,177.0,24.0,8.05,aol.com,hotmail.com,0.705,-1.093,,0.627,-0.742
3000597,0,397315,58.17,C,1713,168.0,187.0,visa,110.0,charge card,280.0,20.0,,yahoo.com,hotmail.com,0.97,-0.681,0.922,-0.563,2.167
3000598,0,581155,41.8,W,1524,558.0,135.0,american express,156.0,charge card,477.0,96.0,11.13,yahoo.com,outlook.com,0.813,-1.746,0.858,0.103,
3000599,0,399544,51.07,R,1306,501.0,,mastercard,159.0,charge card,277.0,,4.58,aol.com,yahoo.com,,1.499,-3.149,0.588,-0.588
